[{"model": "admin.logentry", "pk": 1, "fields": {"action_time": "2023-09-27T12:18:19.216Z", "user": 1, "content_type": 15, "object_id": "1", "object_repr": "Food", "action_flag": 1, "change_message": "[{\"added\": {}}]"}}, {"model": "admin.logentry", "pk": 2, "fields": {"action_time": "2023-09-27T12:18:35.202Z", "user": 1, "content_type": 12, "object_id": "1", "object_repr": "Cake", "action_flag": 1, "change_message": "[{\"added\": {}}]"}}, {"model": "admin.logentry", "pk": 3, "fields": {"action_time": "2023-09-27T12:18:42.982Z", "user": 1, "content_type": 8, "object_id": "1", "object_repr": "Banh mi hoa cuc", "action_flag": 1, "change_message": "[{\"added\": {}}, {\"added\": {\"name\": \"product images\", \"object\": \"ProductImages object (1)\"}}]"}}, {"model": "admin.logentry", "pk": 4, "fields": {"action_time": "2023-09-27T12:19:04.689Z", "user": 1, "content_type": 6, "object_id": "1", "object_repr": "Vendor object (1)", "action_flag": 1, "change_message": "[{\"added\": {}}]"}}, {"model": "admin.logentry", "pk": 5, "fields": {"action_time": "2023-09-27T12:20:47.563Z", "user": 1, "content_type": 14, "object_id": "1", "object_repr": "5", "action_flag": 1, "change_message": "[{\"added\": {}}]"}}, {"model": "admin.logentry", "pk": 6, "fields": {"action_time": "2023-09-27T12:21:38.009Z", "user": 1, "content_type": 4, "object_id": "2", "object_repr": "tranvancuong@gmail.com", "action_flag": 1, "change_message": "[{\"added\": {}}]"}}, {"model": "admin.logentry", "pk": 7, "fields": {"action_time": "2023-09-27T13:43:25.220Z", "user": 1, "content_type": 8, "object_id": "2", "object_repr": "Banh cookie", "action_flag": 1, "change_message": "[{\"added\": {}}, {\"added\": {\"name\": \"product images\", \"object\": \"ProductImages object (2)\"}}]"}}, {"model": "admin.logentry", "pk": 8, "fields": {"action_time": "2023-09-28T03:05:27.607Z", "user": 1, "content_type": 14, "object_id": "2", "object_repr": "4", "action_flag": 1, "change_message": "[{\"added\": {}}]"}}, {"model": "admin.logentry", "pk": 9, "fields": {"action_time": "2023-09-28T03:07:56.857Z", "user": 1, "content_type": 15, "object_id": "2", "object_repr": "PersonalProduct", "action_flag": 1, "change_message": "[{\"added\": {}}]"}}, {"model": "admin.logentry", "pk": 10, "fields": {"action_time": "2023-09-28T03:09:54.032Z", "user": 1, "content_type": 12, "object_id": "2", "object_repr": "Dau goi", "action_flag": 1, "change_message": "[{\"added\": {}}]"}}, {"model": "admin.logentry", "pk": 11, "fields": {"action_time": "2023-09-28T03:10:11.668Z", "user": 1, "content_type": 8, "object_id": "3", "object_repr": "Dầu gội Head & Shoulders bạc hà làm sạch gàu 1.8 lít", "action_flag": 1, "change_message": "[{\"added\": {}}, {\"added\": {\"name\": \"product images\", \"object\": \"ProductImages object (3)\"}}]"}}, {"model": "admin.logentry", "pk": 12, "fields": {"action_time": "2023-09-28T03:10:53.932Z", "user": 1, "content_type": 6, "object_id": "1", "object_repr": "Vendor object (1)", "action_flag": 2, "change_message": "[{\"changed\": {\"fields\": [\"Product\"]}}]"}}, {"model": "admin.logentry", "pk": 13, "fields": {"action_time": "2023-09-28T03:10:59.509Z", "user": 1, "content_type": 6, "object_id": "1", "object_repr": "Vendor object (1)", "action_flag": 2, "change_message": "[{\"changed\": {\"fields\": [\"Product\"]}}]"}}, {"model": "admin.logentry", "pk": 14, "fields": {"action_time": "2023-09-28T04:00:50.503Z", "user": 1, "content_type": 12, "object_id": "3", "object_repr": "Butter", "action_flag": 1, "change_message": "[{\"added\": {}}]"}}, {"model": "admin.logentry", "pk": 15, "fields": {"action_time": "2023-09-28T04:00:57.045Z", "user": 1, "content_type": 8, "object_id": "4", "object_repr": "Bơ Đậu Phộng Rang Hữu Cơ 300g Organic Peanut Butter", "action_flag": 1, "change_message": "[{\"added\": {}}, {\"added\": {\"name\": \"product images\", \"object\": \"ProductImages object (4)\"}}]"}}, {"model": "admin.logentry", "pk": 16, "fields": {"action_time": "2023-09-28T04:01:21.766Z", "user": 1, "content_type": 6, "object_id": "2", "object_repr": "Vendor object (2)", "action_flag": 1, "change_message": "[{\"added\": {}}]"}}, {"model": "admin.logentry", "pk": 17, "fields": {"action_time": "2023-09-28T08:19:32.852Z", "user": 1, "content_type": 13, "object_id": "1", "object_repr": "CartOrder object (1)", "action_flag": 1, "change_message": "[{\"added\": {}}]"}}, {"model": "admin.logentry", "pk": 18, "fields": {"action_time": "2023-09-28T08:20:59.826Z", "user": 1, "content_type": 11, "object_id": "1", "object_repr": "CartOrderItems object (1)", "action_flag": 1, "change_message": "[{\"added\": {}}]"}}, {"model": "admin.logentry", "pk": 19, "fields": {"action_time": "2023-09-29T03:34:42.128Z", "user": 1, "content_type": 4, "object_id": "3", "object_repr": "whey@gmail.com", "action_flag": 1, "change_message": "[{\"added\": {}}]"}}, {"model": "admin.logentry", "pk": 20, "fields": {"action_time": "2023-09-29T03:35:20.416Z", "user": 1, "content_type": 15, "object_id": "3", "object_repr": "Whey", "action_flag": 1, "change_message": "[{\"added\": {}}]"}}, {"model": "admin.logentry", "pk": 21, "fields": {"action_time": "2023-09-29T03:36:39.010Z", "user": 1, "content_type": 12, "object_id": "4", "object_repr": "Whey", "action_flag": 1, "change_message": "[{\"added\": {}}]"}}, {"model": "admin.logentry", "pk": 22, "fields": {"action_time": "2023-09-29T03:36:52.709Z", "user": 1, "content_type": 15, "object_id": "3", "object_repr": "Supplements", "action_flag": 2, "change_message": "[{\"changed\": {\"fields\": [\"Title\"]}}]"}}, {"model": "admin.logentry", "pk": 23, "fields": {"action_time": "2023-09-29T03:37:00.806Z", "user": 1, "content_type": 8, "object_id": "5", "object_repr": "Nutrabolics Hydropure Protein 4.5lbs", "action_flag": 1, "change_message": "[{\"added\": {}}, {\"added\": {\"name\": \"product images\", \"object\": \"ProductImages object (5)\"}}]"}}, {"model": "admin.logentry", "pk": 24, "fields": {"action_time": "2023-09-29T03:37:10.242Z", "user": 1, "content_type": 6, "object_id": "3", "object_repr": "Vendor object (3)", "action_flag": 1, "change_message": "[{\"added\": {}}]"}}, {"model": "admin.logentry", "pk": 25, "fields": {"action_time": "2023-09-30T12:30:49.645Z", "user": 1, "content_type": 6, "object_id": "3", "object_repr": "Vendor object (3)", "action_flag": 3, "change_message": ""}}, {"model": "admin.logentry", "pk": 26, "fields": {"action_time": "2023-09-30T12:30:49.655Z", "user": 1, "content_type": 6, "object_id": "2", "object_repr": "Vendor object (2)", "action_flag": 3, "change_message": ""}}, {"model": "admin.logentry", "pk": 27, "fields": {"action_time": "2023-09-30T12:30:49.662Z", "user": 1, "content_type": 6, "object_id": "1", "object_repr": "Vendor object (1)", "action_flag": 3, "change_message": ""}}, {"model": "admin.logentry", "pk": 28, "fields": {"action_time": "2023-09-30T12:30:55.634Z", "user": 1, "content_type": 8, "object_id": "5", "object_repr": "Nutrabolics Hydropure Protein 4.5lbs", "action_flag": 3, "change_message": ""}}, {"model": "admin.logentry", "pk": 29, "fields": {"action_time": "2023-09-30T12:30:55.642Z", "user": 1, "content_type": 8, "object_id": "4", "object_repr": "Bơ Đậu Phộng Rang Hữu Cơ 300g Organic Peanut Butter", "action_flag": 3, "change_message": ""}}, {"model": "admin.logentry", "pk": 30, "fields": {"action_time": "2023-09-30T12:30:55.649Z", "user": 1, "content_type": 8, "object_id": "3", "object_repr": "Dầu gội Head & Shoulders bạc hà làm sạch gàu 1.8 lít", "action_flag": 3, "change_message": ""}}, {"model": "admin.logentry", "pk": 31, "fields": {"action_time": "2023-09-30T12:30:55.655Z", "user": 1, "content_type": 8, "object_id": "2", "object_repr": "Banh cookie", "action_flag": 3, "change_message": ""}}, {"model": "admin.logentry", "pk": 32, "fields": {"action_time": "2023-09-30T12:30:55.662Z", "user": 1, "content_type": 8, "object_id": "1", "object_repr": "Banh mi hoa cuc", "action_flag": 3, "change_message": ""}}, {"model": "admin.logentry", "pk": 33, "fields": {"action_time": "2023-09-30T12:31:19.839Z", "user": 1, "content_type": 13, "object_id": "1", "object_repr": "CartOrder object (1)", "action_flag": 3, "change_message": ""}}, {"model": "admin.logentry", "pk": 34, "fields": {"action_time": "2023-09-30T14:58:54.587Z", "user": 1, "content_type": 6, "object_id": "4", "object_repr": "Vendor object (4)", "action_flag": 1, "change_message": "[{\"added\": {}}]"}}, {"model": "admin.logentry", "pk": 35, "fields": {"action_time": "2023-09-30T15:00:07.584Z", "user": 1, "content_type": 8, "object_id": "6", "object_repr": "Nutrabolic 4.5lbs", "action_flag": 1, "change_message": "[{\"added\": {}}, {\"added\": {\"name\": \"product images\", \"object\": \"ProductImages object (6)\"}}]"}}, {"model": "admin.logentry", "pk": 36, "fields": {"action_time": "2023-09-30T15:00:19.501Z", "user": 1, "content_type": 14, "object_id": "3", "object_repr": "3", "action_flag": 1, "change_message": "[{\"added\": {}}]"}}, {"model": "admin.logentry", "pk": 37, "fields": {"action_time": "2023-10-01T12:22:26.369Z", "user": 1, "content_type": 18, "object_id": "6", "object_repr": "ProductCart object (6)", "action_flag": 3, "change_message": ""}}, {"model": "admin.logentry", "pk": 38, "fields": {"action_time": "2023-10-01T12:22:31.462Z", "user": 1, "content_type": 18, "object_id": "5", "object_repr": "ProductCart object (5)", "action_flag": 3, "change_message": ""}}, {"model": "admin.logentry", "pk": 39, "fields": {"action_time": "2023-10-01T12:22:31.469Z", "user": 1, "content_type": 18, "object_id": "4", "object_repr": "ProductCart object (4)", "action_flag": 3, "change_message": ""}}, {"model": "admin.logentry", "pk": 40, "fields": {"action_time": "2023-10-01T12:22:31.475Z", "user": 1, "content_type": 18, "object_id": "3", "object_repr": "ProductCart object (3)", "action_flag": 3, "change_message": ""}}, {"model": "admin.logentry", "pk": 41, "fields": {"action_time": "2023-10-01T12:22:31.480Z", "user": 1, "content_type": 18, "object_id": "2", "object_repr": "ProductCart object (2)", "action_flag": 3, "change_message": ""}}, {"model": "admin.logentry", "pk": 42, "fields": {"action_time": "2023-10-01T12:22:31.486Z", "user": 1, "content_type": 18, "object_id": "1", "object_repr": "ProductCart object (1)", "action_flag": 3, "change_message": ""}}, {"model": "admin.logentry", "pk": 43, "fields": {"action_time": "2023-10-01T12:26:04.939Z", "user": 1, "content_type": 18, "object_id": "10", "object_repr": "ProductCart object (10)", "action_flag": 3, "change_message": ""}}, {"model": "admin.logentry", "pk": 44, "fields": {"action_time": "2023-10-01T12:26:04.945Z", "user": 1, "content_type": 18, "object_id": "9", "object_repr": "ProductCart object (9)", "action_flag": 3, "change_message": ""}}, {"model": "admin.logentry", "pk": 45, "fields": {"action_time": "2023-10-01T12:26:04.950Z", "user": 1, "content_type": 18, "object_id": "8", "object_repr": "ProductCart object (8)", "action_flag": 3, "change_message": ""}}, {"model": "admin.logentry", "pk": 46, "fields": {"action_time": "2023-10-01T12:26:04.955Z", "user": 1, "content_type": 18, "object_id": "7", "object_repr": "ProductCart object (7)", "action_flag": 3, "change_message": ""}}, {"model": "admin.logentry", "pk": 47, "fields": {"action_time": "2023-10-01T12:31:27.665Z", "user": 1, "content_type": 18, "object_id": "15", "object_repr": "ProductCart object (15)", "action_flag": 3, "change_message": ""}}, {"model": "admin.logentry", "pk": 48, "fields": {"action_time": "2023-10-01T12:31:27.671Z", "user": 1, "content_type": 18, "object_id": "14", "object_repr": "ProductCart object (14)", "action_flag": 3, "change_message": ""}}, {"model": "admin.logentry", "pk": 49, "fields": {"action_time": "2023-10-01T12:31:27.677Z", "user": 1, "content_type": 18, "object_id": "13", "object_repr": "ProductCart object (13)", "action_flag": 3, "change_message": ""}}, {"model": "admin.logentry", "pk": 50, "fields": {"action_time": "2023-10-01T12:31:27.682Z", "user": 1, "content_type": 18, "object_id": "12", "object_repr": "ProductCart object (12)", "action_flag": 3, "change_message": ""}}, {"model": "admin.logentry", "pk": 51, "fields": {"action_time": "2023-10-01T12:31:27.687Z", "user": 1, "content_type": 18, "object_id": "11", "object_repr": "ProductCart object (11)", "action_flag": 3, "change_message": ""}}, {"model": "admin.logentry", "pk": 52, "fields": {"action_time": "2023-10-01T12:34:03.821Z", "user": 1, "content_type": 18, "object_id": "17", "object_repr": "ProductCart object (17)", "action_flag": 3, "change_message": ""}}, {"model": "admin.logentry", "pk": 53, "fields": {"action_time": "2023-10-01T12:34:03.828Z", "user": 1, "content_type": 18, "object_id": "16", "object_repr": "ProductCart object (16)", "action_flag": 3, "change_message": ""}}, {"model": "admin.logentry", "pk": 54, "fields": {"action_time": "2023-10-01T12:36:47.092Z", "user": 1, "content_type": 18, "object_id": "19", "object_repr": "ProductCart object (19)", "action_flag": 3, "change_message": ""}}, {"model": "admin.logentry", "pk": 55, "fields": {"action_time": "2023-10-01T12:36:47.099Z", "user": 1, "content_type": 18, "object_id": "18", "object_repr": "ProductCart object (18)", "action_flag": 3, "change_message": ""}}, {"model": "admin.logentry", "pk": 56, "fields": {"action_time": "2023-10-01T12:37:25.881Z", "user": 1, "content_type": 18, "object_id": "22", "object_repr": "ProductCart object (22)", "action_flag": 3, "change_message": ""}}, {"model": "admin.logentry", "pk": 57, "fields": {"action_time": "2023-10-01T12:37:25.887Z", "user": 1, "content_type": 18, "object_id": "21", "object_repr": "ProductCart object (21)", "action_flag": 3, "change_message": ""}}, {"model": "admin.logentry", "pk": 58, "fields": {"action_time": "2023-10-01T12:37:25.893Z", "user": 1, "content_type": 18, "object_id": "20", "object_repr": "ProductCart object (20)", "action_flag": 3, "change_message": ""}}, {"model": "admin.logentry", "pk": 59, "fields": {"action_time": "2023-10-01T12:39:51.099Z", "user": 1, "content_type": 18, "object_id": "26", "object_repr": "ProductCart object (26)", "action_flag": 3, "change_message": ""}}, {"model": "admin.logentry", "pk": 60, "fields": {"action_time": "2023-10-01T12:39:51.106Z", "user": 1, "content_type": 18, "object_id": "24", "object_repr": "ProductCart object (24)", "action_flag": 3, "change_message": ""}}, {"model": "admin.logentry", "pk": 61, "fields": {"action_time": "2023-10-01T14:57:40.897Z", "user": 1, "content_type": 8, "object_id": "7", "object_repr": "Ostrovit", "action_flag": 1, "change_message": "[{\"added\": {}}, {\"added\": {\"name\": \"product images\", \"object\": \"ProductImages object (7)\"}}]"}}, {"model": "admin.logentry", "pk": 62, "fields": {"action_time": "2023-10-02T13:41:10.832Z", "user": 1, "content_type": 14, "object_id": "4", "object_repr": "ProductInventory object (4)", "action_flag": 1, "change_message": "[{\"added\": {}}]"}}, {"model": "admin.logentry", "pk": 63, "fields": {"action_time": "2023-10-03T07:06:22.264Z", "user": 1, "content_type": 4, "object_id": "3", "object_repr": "whey@gmail.com", "action_flag": 2, "change_message": "[]"}}, {"model": "admin.logentry", "pk": 64, "fields": {"action_time": "2023-10-03T07:08:14.444Z", "user": 1, "content_type": 4, "object_id": "3", "object_repr": "whey@gmail.com", "action_flag": 2, "change_message": "[{\"changed\": {\"fields\": [\"Superuser status\", \"Staff status\"]}}]"}}, {"model": "admin.logentry", "pk": 65, "fields": {"action_time": "2023-10-03T07:12:21.823Z", "user": 1, "content_type": 6, "object_id": "5", "object_repr": "Vendor object (5)", "action_flag": 1, "change_message": "[{\"added\": {}}]"}}, {"model": "admin.logentry", "pk": 66, "fields": {"action_time": "2023-10-03T08:06:04.736Z", "user": 1, "content_type": 4, "object_id": "3", "object_repr": "whey@gmail.com", "action_flag": 2, "change_message": "[{\"changed\": {\"fields\": [\"Last name\"]}}]"}}, {"model": "admin.logentry", "pk": 67, "fields": {"action_time": "2023-10-03T15:17:55.144Z", "user": 1, "content_type": 18, "object_id": "33", "object_repr": "ProductCart object (33)", "action_flag": 3, "change_message": ""}}, {"model": "admin.logentry", "pk": 68, "fields": {"action_time": "2023-10-03T15:17:55.150Z", "user": 1, "content_type": 18, "object_id": "32", "object_repr": "ProductCart object (32)", "action_flag": 3, "change_message": ""}}, {"model": "admin.logentry", "pk": 69, "fields": {"action_time": "2023-10-04T15:49:49.866Z", "user": 1, "content_type": 21, "object_id": "2", "object_repr": "Order object (2)", "action_flag": 3, "change_message": ""}}, {"model": "admin.logentry", "pk": 70, "fields": {"action_time": "2023-10-04T15:49:49.872Z", "user": 1, "content_type": 21, "object_id": "1", "object_repr": "Order object (1)", "action_flag": 3, "change_message": ""}}, {"model": "admin.logentry", "pk": 71, "fields": {"action_time": "2023-10-04T15:52:42.598Z", "user": 1, "content_type": 21, "object_id": "5", "object_repr": "Order object (5)", "action_flag": 3, "change_message": ""}}, {"model": "admin.logentry", "pk": 72, "fields": {"action_time": "2023-10-04T15:52:42.605Z", "user": 1, "content_type": 21, "object_id": "4", "object_repr": "Order object (4)", "action_flag": 3, "change_message": ""}}, {"model": "admin.logentry", "pk": 73, "fields": {"action_time": "2023-10-04T15:52:42.610Z", "user": 1, "content_type": 21, "object_id": "3", "object_repr": "Order object (3)", "action_flag": 3, "change_message": ""}}, {"model": "admin.logentry", "pk": 74, "fields": {"action_time": "2023-10-04T16:02:54.432Z", "user": 1, "content_type": 21, "object_id": "6", "object_repr": "Order object (6)", "action_flag": 3, "change_message": ""}}, {"model": "admin.logentry", "pk": 75, "fields": {"action_time": "2023-10-05T01:56:56.356Z", "user": 1, "content_type": 21, "object_id": "7", "object_repr": "Order object (7)", "action_flag": 2, "change_message": "[{\"changed\": {\"fields\": [\"Invoice no\", \"Product status\"]}}]"}}, {"model": "admin.logentry", "pk": 76, "fields": {"action_time": "2023-10-05T02:04:04.503Z", "user": 1, "content_type": 21, "object_id": "7", "object_repr": "Order object (7)", "action_flag": 3, "change_message": ""}}, {"model": "admin.logentry", "pk": 77, "fields": {"action_time": "2023-10-05T03:22:59.280Z", "user": 1, "content_type": 9, "object_id": "2", "object_repr": "119/1 Bui Van Danh - My Xuyen - Long Xuyen - An Giang", "action_flag": 1, "change_message": "[{\"added\": {}}]"}}, {"model": "admin.logentry", "pk": 78, "fields": {"action_time": "2023-10-05T03:23:30.874Z", "user": 1, "content_type": 9, "object_id": "1", "object_repr": "Address object (1)", "action_flag": 3, "change_message": ""}}, {"model": "admin.logentry", "pk": 79, "fields": {"action_time": "2023-10-05T06:33:50.058Z", "user": 1, "content_type": 4, "object_id": "1", "object_repr": "admin@gmail.com", "action_flag": 2, "change_message": "[{\"changed\": {\"fields\": [\"Image\"]}}]"}}, {"model": "admin.logentry", "pk": 80, "fields": {"action_time": "2023-10-05T06:45:37.088Z", "user": 1, "content_type": 4, "object_id": "1", "object_repr": "admin@gmail.com", "action_flag": 2, "change_message": "[{\"changed\": {\"fields\": [\"First name\", \"Last name\"]}}]"}}, {"model": "admin.logentry", "pk": 81, "fields": {"action_time": "2023-10-05T06:59:56.119Z", "user": 1, "content_type": 21, "object_id": "1", "object_repr": "Order object (1)", "action_flag": 2, "change_message": "[{\"changed\": {\"fields\": [\"Product status\", \"Image\"]}}]"}}, {"model": "admin.logentry", "pk": 82, "fields": {"action_time": "2023-10-05T12:42:14.766Z", "user": 1, "content_type": 10, "object_id": "1", "object_repr": "Ostrovit", "action_flag": 1, "change_message": "[{\"added\": {}}]"}}, {"model": "admin.logentry", "pk": 83, "fields": {"action_time": "2023-10-05T13:50:20.193Z", "user": 1, "content_type": 10, "object_id": "1", "object_repr": "Ostrovit", "action_flag": 3, "change_message": ""}}, {"model": "admin.logentry", "pk": 84, "fields": {"action_time": "2023-10-05T13:51:08.368Z", "user": 1, "content_type": 10, "object_id": "2", "object_repr": "Nutrabolic 4.5lbs", "action_flag": 3, "change_message": ""}}, {"model": "admin.logentry", "pk": 85, "fields": {"action_time": "2023-10-06T04:13:36.617Z", "user": 1, "content_type": 10, "object_id": "4", "object_repr": "Ostrovit", "action_flag": 3, "change_message": ""}}, {"model": "admin.logentry", "pk": 86, "fields": {"action_time": "2023-10-06T04:13:36.625Z", "user": 1, "content_type": 10, "object_id": "3", "object_repr": "Nutrabolic 4.5lbs", "action_flag": 3, "change_message": ""}}, {"model": "admin.logentry", "pk": 87, "fields": {"action_time": "2023-10-10T06:10:16.664Z", "user": 1, "content_type": 21, "object_id": "8", "object_repr": "Order object (8)", "action_flag": 3, "change_message": ""}}, {"model": "admin.logentry", "pk": 88, "fields": {"action_time": "2023-10-10T06:10:16.672Z", "user": 1, "content_type": 21, "object_id": "7", "object_repr": "Order object (7)", "action_flag": 3, "change_message": ""}}, {"model": "admin.logentry", "pk": 89, "fields": {"action_time": "2023-10-10T06:10:16.678Z", "user": 1, "content_type": 21, "object_id": "6", "object_repr": "Order object (6)", "action_flag": 3, "change_message": ""}}, {"model": "admin.logentry", "pk": 90, "fields": {"action_time": "2023-10-10T06:10:16.685Z", "user": 1, "content_type": 21, "object_id": "5", "object_repr": "Order object (5)", "action_flag": 3, "change_message": ""}}, {"model": "admin.logentry", "pk": 91, "fields": {"action_time": "2023-10-10T06:10:16.691Z", "user": 1, "content_type": 21, "object_id": "4", "object_repr": "Order object (4)", "action_flag": 3, "change_message": ""}}, {"model": "admin.logentry", "pk": 92, "fields": {"action_time": "2023-10-10T06:10:16.698Z", "user": 1, "content_type": 21, "object_id": "3", "object_repr": "Order object (3)", "action_flag": 3, "change_message": ""}}, {"model": "admin.logentry", "pk": 93, "fields": {"action_time": "2023-10-10T06:10:16.704Z", "user": 1, "content_type": 21, "object_id": "2", "object_repr": "Order object (2)", "action_flag": 3, "change_message": ""}}, {"model": "admin.logentry", "pk": 94, "fields": {"action_time": "2023-10-10T06:10:16.711Z", "user": 1, "content_type": 21, "object_id": "1", "object_repr": "Order object (1)", "action_flag": 3, "change_message": ""}}, {"model": "admin.logentry", "pk": 95, "fields": {"action_time": "2023-10-10T06:10:23.912Z", "user": 1, "content_type": 10, "object_id": "6", "object_repr": "Nutrabolic 4.5lbs", "action_flag": 3, "change_message": ""}}, {"model": "admin.logentry", "pk": 96, "fields": {"action_time": "2023-10-10T06:10:23.920Z", "user": 1, "content_type": 10, "object_id": "5", "object_repr": "Ostrovit", "action_flag": 3, "change_message": ""}}, {"model": "admin.logentry", "pk": 97, "fields": {"action_time": "2023-10-11T06:48:53.329Z", "user": 1, "content_type": 4, "object_id": "4", "object_repr": "tranhuynhkyanh@gmail.com", "action_flag": 2, "change_message": "[{\"changed\": {\"fields\": [\"Superuser status\", \"Staff status\", \"Image\"]}}]"}}, {"model": "admin.logentry", "pk": 98, "fields": {"action_time": "2023-10-11T13:54:30.504Z", "user": 1, "content_type": 8, "object_id": "63", "object_repr": "S.A.N rawfusion, 4.1 Lbs (1.862 Kg)", "action_flag": 3, "change_message": ""}}, {"model": "admin.logentry", "pk": 99, "fields": {"action_time": "2023-10-11T13:54:30.513Z", "user": 1, "content_type": 8, "object_id": "62", "object_repr": "MyProtein Impact Whey Isolate, 2.5 Kg (100 servings)", "action_flag": 3, "change_message": ""}}, {"model": "admin.logentry", "pk": 100, "fields": {"action_time": "2023-10-11T13:54:30.521Z", "user": 1, "content_type": 8, "object_id": "61", "object_repr": "Elite Labs USA 100% ISOBlend 4,02 Lbs (1,83 kg)", "action_flag": 3, "change_message": ""}}, {"model": "admin.logentry", "pk": 101, "fields": {"action_time": "2023-10-11T13:54:30.527Z", "user": 1, "content_type": 8, "object_id": "60", "object_repr": "S.A.N Titanium Isolate Supreme 5Lbs (75 Servings)", "action_flag": 3, "change_message": ""}}, {"model": "admin.logentry", "pk": 102, "fields": {"action_time": "2023-10-11T13:54:30.535Z", "user": 1, "content_type": 8, "object_id": "59", "object_repr": "Scitec Nutrition 100% Whey Protein Isolate, 4000 Gams (160 Servings)", "action_flag": 3, "change_message": ""}}, {"model": "admin.logentry", "pk": 103, "fields": {"action_time": "2023-10-11T13:54:30.541Z", "user": 1, "content_type": 8, "object_id": "58", "object_repr": "MuscleTech NITRO-TECH 100% Whey Gold, 8 Lbs (109 Servings)", "action_flag": 3, "change_message": ""}}, {"model": "admin.logentry", "pk": 104, "fields": {"action_time": "2023-10-11T13:54:30.549Z", "user": 1, "content_type": 8, "object_id": "57", "object_repr": "Nutrex ISOFIT, 5 Lbs(70 Servings)", "action_flag": 3, "change_message": ""}}, {"model": "admin.logentry", "pk": 105, "fields": {"action_time": "2023-10-11T13:54:30.556Z", "user": 1, "content_type": 8, "object_id": "56", "object_repr": "PVL Whey Gold - 100% Whey Protein Shake Mix, 6Lbs (72 Servings)", "action_flag": 3, "change_message": ""}}, {"model": "admin.logentry", "pk": 106, "fields": {"action_time": "2023-10-11T13:54:30.563Z", "user": 1, "content_type": 8, "object_id": "55", "object_repr": "RSP ISOLEAN, 5Lbs (2.27kg) Hydrolyzed Whey Isolate - 73 Servings", "action_flag": 3, "change_message": ""}}, {"model": "admin.logentry", "pk": 107, "fields": {"action_time": "2023-10-11T13:54:30.570Z", "user": 1, "content_type": 8, "object_id": "54", "object_repr": "Rule 1 R1 Whey Blend 2 Lbs, 28 Servings", "action_flag": 3, "change_message": ""}}, {"model": "admin.logentry", "pk": 108, "fields": {"action_time": "2023-10-11T13:54:30.577Z", "user": 1, "content_type": 8, "object_id": "53", "object_repr": "PVL ISO Gold - Premium Whey Protein With Probiotic, 2 Lbs (908 gram)", "action_flag": 3, "change_message": ""}}, {"model": "admin.logentry", "pk": 109, "fields": {"action_time": "2023-10-11T13:54:30.584Z", "user": 1, "content_type": 8, "object_id": "52", "object_repr": "AllMax IsoFlex, 2 Lbs (907 g)", "action_flag": 3, "change_message": ""}}, {"model": "admin.logentry", "pk": 110, "fields": {"action_time": "2023-10-11T13:54:30.590Z", "user": 1, "content_type": 8, "object_id": "51", "object_repr": "ON Gold Standard 100% Whey Protein 10 Lbs (4.54 kg)", "action_flag": 3, "change_message": ""}}, {"model": "admin.logentry", "pk": 111, "fields": {"action_time": "2023-10-11T13:54:30.597Z", "user": 1, "content_type": 8, "object_id": "50", "object_repr": "MuscleTech NITRO-TECH, 10 Lbs (4,54 Kg)", "action_flag": 3, "change_message": ""}}, {"model": "admin.logentry", "pk": 112, "fields": {"action_time": "2023-10-11T13:54:30.604Z", "user": 1, "content_type": 8, "object_id": "49", "object_repr": "AllMax IsoFlex 5Lbs (2,27 kg)", "action_flag": 3, "change_message": ""}}, {"model": "admin.logentry", "pk": 113, "fields": {"action_time": "2023-10-11T13:54:30.611Z", "user": 1, "content_type": 8, "object_id": "48", "object_repr": "Scitec 100% Whey Protein Professional, 2350 Gams (78 Servings)", "action_flag": 3, "change_message": ""}}, {"model": "admin.logentry", "pk": 114, "fields": {"action_time": "2023-10-11T13:54:30.617Z", "user": 1, "content_type": 8, "object_id": "47", "object_repr": "Applied Diet Whey Protein, 1 KG (40 Servings)", "action_flag": 3, "change_message": ""}}, {"model": "admin.logentry", "pk": 115, "fields": {"action_time": "2023-10-11T13:54:30.623Z", "user": 1, "content_type": 8, "object_id": "46", "object_repr": "Cbum ISO Protein - 25 Serving", "action_flag": 3, "change_message": ""}}, {"model": "admin.logentry", "pk": 116, "fields": {"action_time": "2023-10-11T13:54:30.630Z", "user": 1, "content_type": 8, "object_id": "45", "object_repr": "Mutant ISO Surge, 1.6 Lbs (23 Servings)", "action_flag": 3, "change_message": ""}}, {"model": "admin.logentry", "pk": 117, "fields": {"action_time": "2023-10-11T13:54:30.636Z", "user": 1, "content_type": 8, "object_id": "44", "object_repr": "Rule1 Whey Blend 10Lbs - 140 Servings", "action_flag": 3, "change_message": ""}}, {"model": "admin.logentry", "pk": 118, "fields": {"action_time": "2023-10-11T13:54:30.643Z", "user": 1, "content_type": 8, "object_id": "43", "object_repr": "MuscleTech NITRO-TECH 4 Lbs (1,8 kg)", "action_flag": 3, "change_message": ""}}, {"model": "admin.logentry", "pk": 119, "fields": {"action_time": "2023-10-11T13:54:30.650Z", "user": 1, "content_type": 8, "object_id": "42", "object_repr": "MuscleTech NITRO-TECH Ripped, 4 Lbs.", "action_flag": 3, "change_message": ""}}, {"model": "admin.logentry", "pk": 120, "fields": {"action_time": "2023-10-11T13:54:30.656Z", "user": 1, "content_type": 8, "object_id": "41", "object_repr": "Rule 1 Protein 10 Lbs (4,576 kg)", "action_flag": 3, "change_message": ""}}, {"model": "admin.logentry", "pk": 121, "fields": {"action_time": "2023-10-11T13:54:30.663Z", "user": 1, "content_type": 8, "object_id": "40", "object_repr": "Beyond Isolate - Ultra Premium Whey Protein Isolate, 1.9 Lbs (30 Servings)", "action_flag": 3, "change_message": ""}}, {"model": "admin.logentry", "pk": 122, "fields": {"action_time": "2023-10-11T13:54:30.669Z", "user": 1, "content_type": 8, "object_id": "39", "object_repr": "MyProtein Impact Whey Protein, 1 Kg (40 Servings)", "action_flag": 3, "change_message": ""}}, {"model": "admin.logentry", "pk": 123, "fields": {"action_time": "2023-10-11T13:54:30.676Z", "user": 1, "content_type": 8, "object_id": "38", "object_repr": "MyProtein Impact Whey Protein, 2.5 Kg (100 Servings)", "action_flag": 3, "change_message": ""}}, {"model": "admin.logentry", "pk": 124, "fields": {"action_time": "2023-10-11T13:54:30.682Z", "user": 1, "content_type": 8, "object_id": "37", "object_repr": "BioTech USA 100% Pure Whey 4000g, 142 Servings", "action_flag": 3, "change_message": ""}}, {"model": "admin.logentry", "pk": 125, "fields": {"action_time": "2023-10-11T13:54:30.689Z", "user": 1, "content_type": 8, "object_id": "36", "object_repr": "Dymatize ISO 100 Hydrolyzed, 5 Lbs (2.27 kg)", "action_flag": 3, "change_message": ""}}, {"model": "admin.logentry", "pk": 126, "fields": {"action_time": "2023-10-11T13:54:30.695Z", "user": 1, "content_type": 8, "object_id": "35", "object_repr": "FA Engineered Nutrition Whey Protein, 4.5 KG", "action_flag": 3, "change_message": ""}}, {"model": "admin.logentry", "pk": 127, "fields": {"action_time": "2023-10-11T13:54:30.701Z", "user": 1, "content_type": 8, "object_id": "34", "object_repr": "BioTech USA 100% Pure Whey 2270g, 81 Servings", "action_flag": 3, "change_message": ""}}, {"model": "admin.logentry", "pk": 128, "fields": {"action_time": "2023-10-11T13:54:30.708Z", "user": 1, "content_type": 8, "object_id": "33", "object_repr": "Kevin Levrone GOLD ISO - Pure Whey Protein Isolate, 2 KG (66 Servings)", "action_flag": 3, "change_message": ""}}, {"model": "admin.logentry", "pk": 129, "fields": {"action_time": "2023-10-11T13:54:30.715Z", "user": 1, "content_type": 8, "object_id": "32", "object_repr": "ON Platinum Hydrowhey, 3.5 Lbs (1.59 kg)", "action_flag": 3, "change_message": ""}}, {"model": "admin.logentry", "pk": 130, "fields": {"action_time": "2023-10-11T13:54:30.721Z", "user": 1, "content_type": 8, "object_id": "31", "object_repr": "Scitec Nutrition 100% Whey Protein Isolate, 2000 Gams (80 Servings)", "action_flag": 3, "change_message": ""}}, {"model": "admin.logentry", "pk": 131, "fields": {"action_time": "2023-10-11T13:54:30.728Z", "user": 1, "content_type": 8, "object_id": "30", "object_repr": "Labrada Lean Body Protein Shake 4.63 Lbs, 30 serving (2.1 KG)", "action_flag": 3, "change_message": ""}}, {"model": "admin.logentry", "pk": 132, "fields": {"action_time": "2023-10-11T13:54:30.734Z", "user": 1, "content_type": 8, "object_id": "29", "object_repr": "VitaXtrong ISO PRO - Hydrolyzed Whey Isolate, 5 Lbs (2.27 Kg)", "action_flag": 3, "change_message": ""}}, {"model": "admin.logentry", "pk": 133, "fields": {"action_time": "2023-10-11T13:54:30.740Z", "user": 1, "content_type": 8, "object_id": "28", "object_repr": "Applied Clear Whey Protein Hydrolysed 875G (35 Servings)", "action_flag": 3, "change_message": ""}}, {"model": "admin.logentry", "pk": 134, "fields": {"action_time": "2023-10-11T13:54:30.747Z", "user": 1, "content_type": 8, "object_id": "27", "object_repr": "REDCON1 ISOTOPE - 100% Whey Isolate Protein, 5Lbs (69 Servings)", "action_flag": 3, "change_message": ""}}, {"model": "admin.logentry", "pk": 135, "fields": {"action_time": "2023-10-11T13:54:30.753Z", "user": 1, "content_type": 8, "object_id": "26", "object_repr": "Amix Gold Isolate Whey Protein, 5 Lbs (76 Servings)", "action_flag": 3, "change_message": ""}}, {"model": "admin.logentry", "pk": 136, "fields": {"action_time": "2023-10-11T13:54:30.759Z", "user": 1, "content_type": 8, "object_id": "25", "object_repr": "Rule 1 Whey Blend 5 Lbs (2.3Kg) -  70 Servings", "action_flag": 3, "change_message": ""}}, {"model": "admin.logentry", "pk": 137, "fields": {"action_time": "2023-10-11T13:54:30.765Z", "user": 1, "content_type": 8, "object_id": "24", "object_repr": "BPI ISO HD 100% Pure Isolate Protein, 5 Lbs (69 Servings)", "action_flag": 3, "change_message": ""}}, {"model": "admin.logentry", "pk": 138, "fields": {"action_time": "2023-10-11T13:54:30.772Z", "user": 1, "content_type": 8, "object_id": "23", "object_repr": "Applied ISO XP Whey Protein Isolate, 1.8 KG (72 Servings)", "action_flag": 3, "change_message": ""}}, {"model": "admin.logentry", "pk": 139, "fields": {"action_time": "2023-10-11T13:54:30.778Z", "user": 1, "content_type": 8, "object_id": "22", "object_repr": "BioTechUSA Hydro Whey Zero, 4 Lbs (1,816 Kg)", "action_flag": 3, "change_message": ""}}, {"model": "admin.logentry", "pk": 140, "fields": {"action_time": "2023-10-11T13:54:30.784Z", "user": 1, "content_type": 8, "object_id": "21", "object_repr": "Biotech USA ISO Whey Zero 5 Lbs (2,270 Kg)", "action_flag": 3, "change_message": ""}}, {"model": "admin.logentry", "pk": 141, "fields": {"action_time": "2023-10-11T13:54:30.791Z", "user": 1, "content_type": 8, "object_id": "20", "object_repr": "Mutant  ISO Surge 5 Lbs (76 Servings)", "action_flag": 3, "change_message": ""}}, {"model": "admin.logentry", "pk": 142, "fields": {"action_time": "2023-10-11T13:54:30.797Z", "user": 1, "content_type": 8, "object_id": "19", "object_repr": "Nutrabolics Hydropure 4.5 Lbs, 58 Servings", "action_flag": 3, "change_message": ""}}, {"model": "admin.logentry", "pk": 143, "fields": {"action_time": "2023-10-11T13:54:30.804Z", "user": 1, "content_type": 8, "object_id": "18", "object_repr": "ON Whey Gold Standard 100% Whey Protein, 5 Lbs", "action_flag": 3, "change_message": ""}}, {"model": "admin.logentry", "pk": 144, "fields": {"action_time": "2023-10-11T13:54:30.810Z", "user": 1, "content_type": 8, "object_id": "17", "object_repr": "Rule 1 Protein 5 Lbs (2,288 kg)", "action_flag": 3, "change_message": ""}}, {"model": "admin.logentry", "pk": 145, "fields": {"action_time": "2023-10-11T13:54:30.816Z", "user": 1, "content_type": 8, "object_id": "16", "object_repr": "PVL ISO Gold - Premium Whey Protein With Probiotic, 5 Lbs (2.27kg)", "action_flag": 3, "change_message": ""}}, {"model": "admin.logentry", "pk": 146, "fields": {"action_time": "2023-10-11T13:54:30.823Z", "user": 1, "content_type": 8, "object_id": "15", "object_repr": "Nutrabolics Hydropure 4.5 Lbs, 58 Servings", "action_flag": 3, "change_message": ""}}, {"model": "admin.logentry", "pk": 147, "fields": {"action_time": "2023-10-11T13:54:30.830Z", "user": 1, "content_type": 8, "object_id": "14", "object_repr": "ON Whey Gold Standard 100% Whey Protein, 5 Lbs", "action_flag": 3, "change_message": ""}}, {"model": "admin.logentry", "pk": 148, "fields": {"action_time": "2023-10-11T13:54:30.836Z", "user": 1, "content_type": 8, "object_id": "13", "object_repr": "Rule 1 Protein 5 Lbs (2,288 kg)", "action_flag": 3, "change_message": ""}}, {"model": "admin.logentry", "pk": 149, "fields": {"action_time": "2023-10-11T13:54:30.842Z", "user": 1, "content_type": 8, "object_id": "12", "object_repr": "PVL ISO Gold - Premium Whey Protein With Probiotic, 5 Lbs (2.27kg)", "action_flag": 3, "change_message": ""}}, {"model": "admin.logentry", "pk": 150, "fields": {"action_time": "2023-10-11T13:54:30.849Z", "user": 1, "content_type": 8, "object_id": "11", "object_repr": "Nutrabolics Hydropure 4.5 Lbs, 58 Servings", "action_flag": 3, "change_message": ""}}, {"model": "admin.logentry", "pk": 151, "fields": {"action_time": "2023-10-11T13:54:30.855Z", "user": 1, "content_type": 8, "object_id": "10", "object_repr": "ON Whey Gold Standard 100% Whey Protein, 5 Lbs", "action_flag": 3, "change_message": ""}}, {"model": "admin.logentry", "pk": 152, "fields": {"action_time": "2023-10-11T13:54:30.862Z", "user": 1, "content_type": 8, "object_id": "9", "object_repr": "Rule 1 Protein 5 Lbs (2,288 kg)", "action_flag": 3, "change_message": ""}}, {"model": "admin.logentry", "pk": 153, "fields": {"action_time": "2023-10-11T13:54:30.869Z", "user": 1, "content_type": 8, "object_id": "8", "object_repr": "PVL ISO Gold - Premium Whey Protein With Probiotic, 5 Lbs (2.27kg)", "action_flag": 3, "change_message": ""}}, {"model": "admin.logentry", "pk": 154, "fields": {"action_time": "2023-10-11T13:54:30.875Z", "user": 1, "content_type": 8, "object_id": "7", "object_repr": "Ostrovit", "action_flag": 3, "change_message": ""}}, {"model": "admin.logentry", "pk": 155, "fields": {"action_time": "2023-10-11T13:54:30.882Z", "user": 1, "content_type": 8, "object_id": "6", "object_repr": "Nutrabolic 4.5lbs", "action_flag": 3, "change_message": ""}}, {"model": "admin.logentry", "pk": 156, "fields": {"action_time": "2023-10-11T14:07:20.365Z", "user": 1, "content_type": 8, "object_id": "111", "object_repr": "S.A.N rawfusion, 4.1 Lbs (1.862 Kg)", "action_flag": 3, "change_message": ""}}, {"model": "admin.logentry", "pk": 157, "fields": {"action_time": "2023-10-11T14:07:20.373Z", "user": 1, "content_type": 8, "object_id": "110", "object_repr": "MyProtein Impact Whey Isolate, 2.5 Kg (100 servings)", "action_flag": 3, "change_message": ""}}, {"model": "admin.logentry", "pk": 158, "fields": {"action_time": "2023-10-11T14:07:20.380Z", "user": 1, "content_type": 8, "object_id": "109", "object_repr": "Elite Labs USA 100% ISOBlend 4,02 Lbs (1,83 kg)", "action_flag": 3, "change_message": ""}}, {"model": "admin.logentry", "pk": 159, "fields": {"action_time": "2023-10-11T14:07:20.386Z", "user": 1, "content_type": 8, "object_id": "108", "object_repr": "S.A.N Titanium Isolate Supreme 5Lbs (75 Servings)", "action_flag": 3, "change_message": ""}}, {"model": "admin.logentry", "pk": 160, "fields": {"action_time": "2023-10-11T14:07:20.393Z", "user": 1, "content_type": 8, "object_id": "107", "object_repr": "Scitec Nutrition 100% Whey Protein Isolate, 4000 Gams (160 Servings)", "action_flag": 3, "change_message": ""}}, {"model": "admin.logentry", "pk": 161, "fields": {"action_time": "2023-10-11T14:07:20.400Z", "user": 1, "content_type": 8, "object_id": "106", "object_repr": "MuscleTech NITRO-TECH 100% Whey Gold, 8 Lbs (109 Servings)", "action_flag": 3, "change_message": ""}}, {"model": "admin.logentry", "pk": 162, "fields": {"action_time": "2023-10-11T14:07:20.407Z", "user": 1, "content_type": 8, "object_id": "105", "object_repr": "Nutrex ISOFIT, 5 Lbs(70 Servings)", "action_flag": 3, "change_message": ""}}, {"model": "admin.logentry", "pk": 163, "fields": {"action_time": "2023-10-11T14:07:20.414Z", "user": 1, "content_type": 8, "object_id": "104", "object_repr": "PVL Whey Gold - 100% Whey Protein Shake Mix, 6Lbs (72 Servings)", "action_flag": 3, "change_message": ""}}, {"model": "admin.logentry", "pk": 164, "fields": {"action_time": "2023-10-11T14:07:20.420Z", "user": 1, "content_type": 8, "object_id": "103", "object_repr": "RSP ISOLEAN, 5Lbs (2.27kg) Hydrolyzed Whey Isolate - 73 Servings", "action_flag": 3, "change_message": ""}}, {"model": "admin.logentry", "pk": 165, "fields": {"action_time": "2023-10-11T14:07:20.426Z", "user": 1, "content_type": 8, "object_id": "102", "object_repr": "Rule 1 R1 Whey Blend 2 Lbs, 28 Servings", "action_flag": 3, "change_message": ""}}, {"model": "admin.logentry", "pk": 166, "fields": {"action_time": "2023-10-11T14:07:20.432Z", "user": 1, "content_type": 8, "object_id": "101", "object_repr": "PVL ISO Gold - Premium Whey Protein With Probiotic, 2 Lbs (908 gram)", "action_flag": 3, "change_message": ""}}, {"model": "admin.logentry", "pk": 167, "fields": {"action_time": "2023-10-11T14:07:20.439Z", "user": 1, "content_type": 8, "object_id": "100", "object_repr": "AllMax IsoFlex, 2 Lbs (907 g)", "action_flag": 3, "change_message": ""}}, {"model": "admin.logentry", "pk": 168, "fields": {"action_time": "2023-10-11T14:07:20.446Z", "user": 1, "content_type": 8, "object_id": "99", "object_repr": "ON Gold Standard 100% Whey Protein 10 Lbs (4.54 kg)", "action_flag": 3, "change_message": ""}}, {"model": "admin.logentry", "pk": 169, "fields": {"action_time": "2023-10-11T14:07:20.452Z", "user": 1, "content_type": 8, "object_id": "98", "object_repr": "MuscleTech NITRO-TECH, 10 Lbs (4,54 Kg)", "action_flag": 3, "change_message": ""}}, {"model": "admin.logentry", "pk": 170, "fields": {"action_time": "2023-10-11T14:07:20.458Z", "user": 1, "content_type": 8, "object_id": "97", "object_repr": "AllMax IsoFlex 5Lbs (2,27 kg)", "action_flag": 3, "change_message": ""}}, {"model": "admin.logentry", "pk": 171, "fields": {"action_time": "2023-10-11T14:07:20.464Z", "user": 1, "content_type": 8, "object_id": "96", "object_repr": "Scitec 100% Whey Protein Professional, 2350 Gams (78 Servings)", "action_flag": 3, "change_message": ""}}, {"model": "admin.logentry", "pk": 172, "fields": {"action_time": "2023-10-11T14:07:20.471Z", "user": 1, "content_type": 8, "object_id": "95", "object_repr": "Applied Diet Whey Protein, 1 KG (40 Servings)", "action_flag": 3, "change_message": ""}}, {"model": "admin.logentry", "pk": 173, "fields": {"action_time": "2023-10-11T14:07:20.478Z", "user": 1, "content_type": 8, "object_id": "94", "object_repr": "Cbum ISO Protein - 25 Serving", "action_flag": 3, "change_message": ""}}, {"model": "admin.logentry", "pk": 174, "fields": {"action_time": "2023-10-11T14:07:20.484Z", "user": 1, "content_type": 8, "object_id": "93", "object_repr": "Mutant ISO Surge, 1.6 Lbs (23 Servings)", "action_flag": 3, "change_message": ""}}, {"model": "admin.logentry", "pk": 175, "fields": {"action_time": "2023-10-11T14:07:20.491Z", "user": 1, "content_type": 8, "object_id": "92", "object_repr": "Rule1 Whey Blend 10Lbs - 140 Servings", "action_flag": 3, "change_message": ""}}, {"model": "admin.logentry", "pk": 176, "fields": {"action_time": "2023-10-11T14:07:20.496Z", "user": 1, "content_type": 8, "object_id": "91", "object_repr": "MuscleTech NITRO-TECH 4 Lbs (1,8 kg)", "action_flag": 3, "change_message": ""}}, {"model": "admin.logentry", "pk": 177, "fields": {"action_time": "2023-10-11T14:07:20.502Z", "user": 1, "content_type": 8, "object_id": "90", "object_repr": "MuscleTech NITRO-TECH Ripped, 4 Lbs.", "action_flag": 3, "change_message": ""}}, {"model": "admin.logentry", "pk": 178, "fields": {"action_time": "2023-10-11T14:07:20.509Z", "user": 1, "content_type": 8, "object_id": "89", "object_repr": "Rule 1 Protein 10 Lbs (4,576 kg)", "action_flag": 3, "change_message": ""}}, {"model": "admin.logentry", "pk": 179, "fields": {"action_time": "2023-10-11T14:07:20.516Z", "user": 1, "content_type": 8, "object_id": "88", "object_repr": "Beyond Isolate - Ultra Premium Whey Protein Isolate, 1.9 Lbs (30 Servings)", "action_flag": 3, "change_message": ""}}, {"model": "admin.logentry", "pk": 180, "fields": {"action_time": "2023-10-11T14:07:20.522Z", "user": 1, "content_type": 8, "object_id": "87", "object_repr": "MyProtein Impact Whey Protein, 1 Kg (40 Servings)", "action_flag": 3, "change_message": ""}}, {"model": "admin.logentry", "pk": 181, "fields": {"action_time": "2023-10-11T14:07:20.528Z", "user": 1, "content_type": 8, "object_id": "86", "object_repr": "MyProtein Impact Whey Protein, 2.5 Kg (100 Servings)", "action_flag": 3, "change_message": ""}}, {"model": "admin.logentry", "pk": 182, "fields": {"action_time": "2023-10-11T14:07:20.535Z", "user": 1, "content_type": 8, "object_id": "85", "object_repr": "BioTech USA 100% Pure Whey 4000g, 142 Servings", "action_flag": 3, "change_message": ""}}, {"model": "admin.logentry", "pk": 183, "fields": {"action_time": "2023-10-11T14:07:20.541Z", "user": 1, "content_type": 8, "object_id": "84", "object_repr": "Dymatize ISO 100 Hydrolyzed, 5 Lbs (2.27 kg)", "action_flag": 3, "change_message": ""}}, {"model": "admin.logentry", "pk": 184, "fields": {"action_time": "2023-10-11T14:07:20.547Z", "user": 1, "content_type": 8, "object_id": "83", "object_repr": "FA Engineered Nutrition Whey Protein, 4.5 KG", "action_flag": 3, "change_message": ""}}, {"model": "admin.logentry", "pk": 185, "fields": {"action_time": "2023-10-11T14:07:20.554Z", "user": 1, "content_type": 8, "object_id": "82", "object_repr": "BioTech USA 100% Pure Whey 2270g, 81 Servings", "action_flag": 3, "change_message": ""}}, {"model": "admin.logentry", "pk": 186, "fields": {"action_time": "2023-10-11T14:07:20.560Z", "user": 1, "content_type": 8, "object_id": "81", "object_repr": "Kevin Levrone GOLD ISO - Pure Whey Protein Isolate, 2 KG (66 Servings)", "action_flag": 3, "change_message": ""}}, {"model": "admin.logentry", "pk": 187, "fields": {"action_time": "2023-10-11T14:07:20.566Z", "user": 1, "content_type": 8, "object_id": "80", "object_repr": "ON Platinum Hydrowhey, 3.5 Lbs (1.59 kg)", "action_flag": 3, "change_message": ""}}, {"model": "admin.logentry", "pk": 188, "fields": {"action_time": "2023-10-11T14:07:20.573Z", "user": 1, "content_type": 8, "object_id": "79", "object_repr": "Scitec Nutrition 100% Whey Protein Isolate, 2000 Gams (80 Servings)", "action_flag": 3, "change_message": ""}}, {"model": "admin.logentry", "pk": 189, "fields": {"action_time": "2023-10-11T14:07:20.579Z", "user": 1, "content_type": 8, "object_id": "78", "object_repr": "Labrada Lean Body Protein Shake 4.63 Lbs, 30 serving (2.1 KG)", "action_flag": 3, "change_message": ""}}, {"model": "admin.logentry", "pk": 190, "fields": {"action_time": "2023-10-11T14:07:20.585Z", "user": 1, "content_type": 8, "object_id": "77", "object_repr": "VitaXtrong ISO PRO - Hydrolyzed Whey Isolate, 5 Lbs (2.27 Kg)", "action_flag": 3, "change_message": ""}}, {"model": "admin.logentry", "pk": 191, "fields": {"action_time": "2023-10-11T14:07:20.591Z", "user": 1, "content_type": 8, "object_id": "76", "object_repr": "Applied Clear Whey Protein Hydrolysed 875G (35 Servings)", "action_flag": 3, "change_message": ""}}, {"model": "admin.logentry", "pk": 192, "fields": {"action_time": "2023-10-11T14:07:20.597Z", "user": 1, "content_type": 8, "object_id": "75", "object_repr": "REDCON1 ISOTOPE - 100% Whey Isolate Protein, 5Lbs (69 Servings)", "action_flag": 3, "change_message": ""}}, {"model": "admin.logentry", "pk": 193, "fields": {"action_time": "2023-10-11T14:07:20.603Z", "user": 1, "content_type": 8, "object_id": "74", "object_repr": "Amix Gold Isolate Whey Protein, 5 Lbs (76 Servings)", "action_flag": 3, "change_message": ""}}, {"model": "admin.logentry", "pk": 194, "fields": {"action_time": "2023-10-11T14:07:20.609Z", "user": 1, "content_type": 8, "object_id": "73", "object_repr": "Rule 1 Whey Blend 5 Lbs (2.3Kg) -  70 Servings", "action_flag": 3, "change_message": ""}}, {"model": "admin.logentry", "pk": 195, "fields": {"action_time": "2023-10-11T14:07:20.616Z", "user": 1, "content_type": 8, "object_id": "72", "object_repr": "BPI ISO HD 100% Pure Isolate Protein, 5 Lbs (69 Servings)", "action_flag": 3, "change_message": ""}}, {"model": "admin.logentry", "pk": 196, "fields": {"action_time": "2023-10-11T14:07:20.622Z", "user": 1, "content_type": 8, "object_id": "71", "object_repr": "Applied ISO XP Whey Protein Isolate, 1.8 KG (72 Servings)", "action_flag": 3, "change_message": ""}}, {"model": "admin.logentry", "pk": 197, "fields": {"action_time": "2023-10-11T14:07:20.629Z", "user": 1, "content_type": 8, "object_id": "70", "object_repr": "BioTechUSA Hydro Whey Zero, 4 Lbs (1,816 Kg)", "action_flag": 3, "change_message": ""}}, {"model": "admin.logentry", "pk": 198, "fields": {"action_time": "2023-10-11T14:07:20.635Z", "user": 1, "content_type": 8, "object_id": "69", "object_repr": "Biotech USA ISO Whey Zero 5 Lbs (2,270 Kg)", "action_flag": 3, "change_message": ""}}, {"model": "admin.logentry", "pk": 199, "fields": {"action_time": "2023-10-11T14:07:20.641Z", "user": 1, "content_type": 8, "object_id": "68", "object_repr": "Mutant  ISO Surge 5 Lbs (76 Servings)", "action_flag": 3, "change_message": ""}}, {"model": "admin.logentry", "pk": 200, "fields": {"action_time": "2023-10-11T14:07:20.647Z", "user": 1, "content_type": 8, "object_id": "67", "object_repr": "Nutrabolics Hydropure 4.5 Lbs, 58 Servings", "action_flag": 3, "change_message": ""}}, {"model": "admin.logentry", "pk": 201, "fields": {"action_time": "2023-10-11T14:07:20.654Z", "user": 1, "content_type": 8, "object_id": "66", "object_repr": "ON Whey Gold Standard 100% Whey Protein, 5 Lbs", "action_flag": 3, "change_message": ""}}, {"model": "admin.logentry", "pk": 202, "fields": {"action_time": "2023-10-11T14:07:20.660Z", "user": 1, "content_type": 8, "object_id": "65", "object_repr": "Rule 1 Protein 5 Lbs (2,288 kg)", "action_flag": 3, "change_message": ""}}, {"model": "admin.logentry", "pk": 203, "fields": {"action_time": "2023-10-11T14:07:20.667Z", "user": 1, "content_type": 8, "object_id": "64", "object_repr": "PVL ISO Gold - Premium Whey Protein With Probiotic, 5 Lbs (2.27kg)", "action_flag": 3, "change_message": ""}}, {"model": "admin.logentry", "pk": 204, "fields": {"action_time": "2023-10-11T14:47:01.628Z", "user": 1, "content_type": 4, "object_id": "5", "object_repr": "food@gmail.com", "action_flag": 2, "change_message": "[{\"changed\": {\"fields\": [\"First name\", \"Last name\", \"Image\"]}}]"}}, {"model": "admin.logentry", "pk": 205, "fields": {"action_time": "2023-10-11T14:47:20.724Z", "user": 1, "content_type": 4, "object_id": "3", "object_repr": "whey@gmail.com", "action_flag": 3, "change_message": ""}}, {"model": "admin.logentry", "pk": 206, "fields": {"action_time": "2023-10-11T14:47:20.731Z", "user": 1, "content_type": 4, "object_id": "2", "object_repr": "tranvancuong@gmail.com", "action_flag": 3, "change_message": ""}}, {"model": "admin.logentry", "pk": 207, "fields": {"action_time": "2023-10-11T14:49:21.593Z", "user": 1, "content_type": 6, "object_id": "6", "object_repr": "Vendor object (6)", "action_flag": 1, "change_message": "[{\"added\": {}}]"}}, {"model": "admin.logentry", "pk": 208, "fields": {"action_time": "2023-10-11T14:53:20.652Z", "user": 1, "content_type": 8, "object_id": "97", "object_repr": "Bánh mì hoa cúc ngàn lớp Fes’ta", "action_flag": 1, "change_message": "[{\"added\": {}}]"}}, {"model": "admin.logentry", "pk": 209, "fields": {"action_time": "2023-10-11T14:56:52.321Z", "user": 1, "content_type": 14, "object_id": "205", "object_repr": "ProductInventory object (205)", "action_flag": 1, "change_message": "[{\"added\": {}}]"}}, {"model": "admin.logentry", "pk": 210, "fields": {"action_time": "2023-10-12T08:47:55.014Z", "user": 1, "content_type": 4, "object_id": "1", "object_repr": "admin@gmail.com", "action_flag": 2, "change_message": "[{\"changed\": {\"fields\": [\"Image\"]}}]"}}, {"model": "admin.logentry", "pk": 211, "fields": {"action_time": "2023-10-12T09:43:44.630Z", "user": 1, "content_type": 24, "object_id": "2", "object_repr": "127.0.0.1:8000", "action_flag": 1, "change_message": "[{\"added\": {}}]"}}, {"model": "admin.logentry", "pk": 212, "fields": {"action_time": "2023-10-12T09:44:29.809Z", "user": 1, "content_type": 28, "object_id": "1", "object_repr": "kyanhstore", "action_flag": 1, "change_message": "[{\"added\": {}}]"}}, {"model": "admin.logentry", "pk": 213, "fields": {"action_time": "2023-10-12T09:46:06.282Z", "user": 1, "content_type": 28, "object_id": "1", "object_repr": "kyanhstore", "action_flag": 2, "change_message": "[{\"changed\": {\"fields\": [\"Sites\"]}}]"}}, {"model": "admin.logentry", "pk": 214, "fields": {"action_time": "2023-10-14T13:40:13.087Z", "user": 1, "content_type": 5, "object_id": "1", "object_repr": "Wishlist object (1)", "action_flag": 3, "change_message": ""}}, {"model": "admin.logentry", "pk": 215, "fields": {"action_time": "2023-10-14T13:40:20.142Z", "user": 1, "content_type": 5, "object_id": "2", "object_repr": "Wishlist object (2)", "action_flag": 3, "change_message": ""}}, {"model": "admin.logentry", "pk": 216, "fields": {"action_time": "2023-10-14T13:54:07.274Z", "user": 1, "content_type": 5, "object_id": "4", "object_repr": "Wishlist object (4)", "action_flag": 3, "change_message": ""}}, {"model": "admin.logentry", "pk": 217, "fields": {"action_time": "2023-10-14T13:54:07.281Z", "user": 1, "content_type": 5, "object_id": "3", "object_repr": "Wishlist object (3)", "action_flag": 3, "change_message": ""}}, {"model": "admin.logentry", "pk": 218, "fields": {"action_time": "2023-10-14T14:42:15.397Z", "user": 1, "content_type": 5, "object_id": "6", "object_repr": "Wishlist object (6)", "action_flag": 3, "change_message": ""}}, {"model": "admin.logentry", "pk": 219, "fields": {"action_time": "2023-10-14T14:42:15.405Z", "user": 1, "content_type": 5, "object_id": "5", "object_repr": "Wishlist object (5)", "action_flag": 3, "change_message": ""}}, {"model": "admin.logentry", "pk": 220, "fields": {"action_time": "2023-10-14T14:43:08.321Z", "user": 1, "content_type": 5, "object_id": "8", "object_repr": "Wishlist object (8)", "action_flag": 3, "change_message": ""}}, {"model": "admin.logentry", "pk": 221, "fields": {"action_time": "2023-10-14T14:43:08.329Z", "user": 1, "content_type": 5, "object_id": "7", "object_repr": "Wishlist object (7)", "action_flag": 3, "change_message": ""}}, {"model": "admin.logentry", "pk": 222, "fields": {"action_time": "2023-10-16T07:52:38.448Z", "user": 1, "content_type": 9, "object_id": "6", "object_repr": "Address object (6)", "action_flag": 3, "change_message": ""}}, {"model": "admin.logentry", "pk": 223, "fields": {"action_time": "2023-10-16T07:53:28.720Z", "user": 1, "content_type": 9, "object_id": "7", "object_repr": "Address object (7)", "action_flag": 3, "change_message": ""}}, {"model": "admin.logentry", "pk": 224, "fields": {"action_time": "2023-10-16T08:15:16.015Z", "user": 1, "content_type": 4, "object_id": "7", "object_repr": "tranvana@gmail.com", "action_flag": 2, "change_message": "[{\"changed\": {\"fields\": [\"First name\", \"Image\"]}}]"}}, {"model": "admin.logentry", "pk": 225, "fields": {"action_time": "2023-10-17T08:21:04.580Z", "user": 1, "content_type": 4, "object_id": "1", "object_repr": "admin@gmail.com", "action_flag": 2, "change_message": "[{\"changed\": {\"fields\": [\"Password\"]}}]"}}, {"model": "auth.permission", "pk": 1, "fields": {"name": "Can add permission", "content_type": 1, "codename": "add_permission"}}, {"model": "auth.permission", "pk": 2, "fields": {"name": "Can change permission", "content_type": 1, "codename": "change_permission"}}, {"model": "auth.permission", "pk": 3, "fields": {"name": "Can delete permission", "content_type": 1, "codename": "delete_permission"}}, {"model": "auth.permission", "pk": 4, "fields": {"name": "Can view permission", "content_type": 1, "codename": "view_permission"}}, {"model": "auth.permission", "pk": 5, "fields": {"name": "Can add group", "content_type": 2, "codename": "add_group"}}, {"model": "auth.permission", "pk": 6, "fields": {"name": "Can change group", "content_type": 2, "codename": "change_group"}}, {"model": "auth.permission", "pk": 7, "fields": {"name": "Can delete group", "content_type": 2, "codename": "delete_group"}}, {"model": "auth.permission", "pk": 8, "fields": {"name": "Can view group", "content_type": 2, "codename": "view_group"}}, {"model": "auth.permission", "pk": 9, "fields": {"name": "Can add content type", "content_type": 3, "codename": "add_contenttype"}}, {"model": "auth.permission", "pk": 10, "fields": {"name": "Can change content type", "content_type": 3, "codename": "change_contenttype"}}, {"model": "auth.permission", "pk": 11, "fields": {"name": "Can delete content type", "content_type": 3, "codename": "delete_contenttype"}}, {"model": "auth.permission", "pk": 12, "fields": {"name": "Can view content type", "content_type": 3, "codename": "view_contenttype"}}, {"model": "auth.permission", "pk": 13, "fields": {"name": "Can add user", "content_type": 4, "codename": "add_user"}}, {"model": "auth.permission", "pk": 14, "fields": {"name": "Can change user", "content_type": 4, "codename": "change_user"}}, {"model": "auth.permission", "pk": 15, "fields": {"name": "Can delete user", "content_type": 4, "codename": "delete_user"}}, {"model": "auth.permission", "pk": 16, "fields": {"name": "Can view user", "content_type": 4, "codename": "view_user"}}, {"model": "auth.permission", "pk": 17, "fields": {"name": "Can add wishlist", "content_type": 5, "codename": "add_wishlist"}}, {"model": "auth.permission", "pk": 18, "fields": {"name": "Can change wishlist", "content_type": 5, "codename": "change_wishlist"}}, {"model": "auth.permission", "pk": 19, "fields": {"name": "Can delete wishlist", "content_type": 5, "codename": "delete_wishlist"}}, {"model": "auth.permission", "pk": 20, "fields": {"name": "Can view wishlist", "content_type": 5, "codename": "view_wishlist"}}, {"model": "auth.permission", "pk": 21, "fields": {"name": "Can add vendor", "content_type": 6, "codename": "add_vendor"}}, {"model": "auth.permission", "pk": 22, "fields": {"name": "Can change vendor", "content_type": 6, "codename": "change_vendor"}}, {"model": "auth.permission", "pk": 23, "fields": {"name": "Can delete vendor", "content_type": 6, "codename": "delete_vendor"}}, {"model": "auth.permission", "pk": 24, "fields": {"name": "Can view vendor", "content_type": 6, "codename": "view_vendor"}}, {"model": "auth.permission", "pk": 25, "fields": {"name": "Can add product images", "content_type": 7, "codename": "add_productimages"}}, {"model": "auth.permission", "pk": 26, "fields": {"name": "Can change product images", "content_type": 7, "codename": "change_productimages"}}, {"model": "auth.permission", "pk": 27, "fields": {"name": "Can delete product images", "content_type": 7, "codename": "delete_productimages"}}, {"model": "auth.permission", "pk": 28, "fields": {"name": "Can view product images", "content_type": 7, "codename": "view_productimages"}}, {"model": "auth.permission", "pk": 29, "fields": {"name": "Can add product", "content_type": 8, "codename": "add_product"}}, {"model": "auth.permission", "pk": 30, "fields": {"name": "Can change product", "content_type": 8, "codename": "change_product"}}, {"model": "auth.permission", "pk": 31, "fields": {"name": "Can delete product", "content_type": 8, "codename": "delete_product"}}, {"model": "auth.permission", "pk": 32, "fields": {"name": "Can view product", "content_type": 8, "codename": "view_product"}}, {"model": "auth.permission", "pk": 33, "fields": {"name": "Can add address", "content_type": 9, "codename": "add_address"}}, {"model": "auth.permission", "pk": 34, "fields": {"name": "Can change address", "content_type": 9, "codename": "change_address"}}, {"model": "auth.permission", "pk": 35, "fields": {"name": "Can delete address", "content_type": 9, "codename": "delete_address"}}, {"model": "auth.permission", "pk": 36, "fields": {"name": "Can view address", "content_type": 9, "codename": "view_address"}}, {"model": "auth.permission", "pk": 37, "fields": {"name": "Can add product review", "content_type": 10, "codename": "add_productreview"}}, {"model": "auth.permission", "pk": 38, "fields": {"name": "Can change product review", "content_type": 10, "codename": "change_productreview"}}, {"model": "auth.permission", "pk": 39, "fields": {"name": "Can delete product review", "content_type": 10, "codename": "delete_productreview"}}, {"model": "auth.permission", "pk": 40, "fields": {"name": "Can view product review", "content_type": 10, "codename": "view_productreview"}}, {"model": "auth.permission", "pk": 41, "fields": {"name": "Can add cart order items", "content_type": 11, "codename": "add_cartorderitems"}}, {"model": "auth.permission", "pk": 42, "fields": {"name": "Can change cart order items", "content_type": 11, "codename": "change_cartorderitems"}}, {"model": "auth.permission", "pk": 43, "fields": {"name": "Can delete cart order items", "content_type": 11, "codename": "delete_cartorderitems"}}, {"model": "auth.permission", "pk": 44, "fields": {"name": "Can view cart order items", "content_type": 11, "codename": "view_cartorderitems"}}, {"model": "auth.permission", "pk": 45, "fields": {"name": "Can add tag", "content_type": 12, "codename": "add_tag"}}, {"model": "auth.permission", "pk": 46, "fields": {"name": "Can change tag", "content_type": 12, "codename": "change_tag"}}, {"model": "auth.permission", "pk": 47, "fields": {"name": "Can delete tag", "content_type": 12, "codename": "delete_tag"}}, {"model": "auth.permission", "pk": 48, "fields": {"name": "Can view tag", "content_type": 12, "codename": "view_tag"}}, {"model": "auth.permission", "pk": 49, "fields": {"name": "Can add cart order", "content_type": 13, "codename": "add_cartorder"}}, {"model": "auth.permission", "pk": 50, "fields": {"name": "Can change cart order", "content_type": 13, "codename": "change_cartorder"}}, {"model": "auth.permission", "pk": 51, "fields": {"name": "Can delete cart order", "content_type": 13, "codename": "delete_cartorder"}}, {"model": "auth.permission", "pk": 52, "fields": {"name": "Can view cart order", "content_type": 13, "codename": "view_cartorder"}}, {"model": "auth.permission", "pk": 53, "fields": {"name": "Can add product inventory", "content_type": 14, "codename": "add_productinventory"}}, {"model": "auth.permission", "pk": 54, "fields": {"name": "Can change product inventory", "content_type": 14, "codename": "change_productinventory"}}, {"model": "auth.permission", "pk": 55, "fields": {"name": "Can delete product inventory", "content_type": 14, "codename": "delete_productinventory"}}, {"model": "auth.permission", "pk": 56, "fields": {"name": "Can view product inventory", "content_type": 14, "codename": "view_productinventory"}}, {"model": "auth.permission", "pk": 57, "fields": {"name": "Can add category", "content_type": 15, "codename": "add_category"}}, {"model": "auth.permission", "pk": 58, "fields": {"name": "Can change category", "content_type": 15, "codename": "change_category"}}, {"model": "auth.permission", "pk": 59, "fields": {"name": "Can delete category", "content_type": 15, "codename": "delete_category"}}, {"model": "auth.permission", "pk": 60, "fields": {"name": "Can view category", "content_type": 15, "codename": "view_category"}}, {"model": "auth.permission", "pk": 61, "fields": {"name": "Can add log entry", "content_type": 16, "codename": "add_logentry"}}, {"model": "auth.permission", "pk": 62, "fields": {"name": "Can change log entry", "content_type": 16, "codename": "change_logentry"}}, {"model": "auth.permission", "pk": 63, "fields": {"name": "Can delete log entry", "content_type": 16, "codename": "delete_logentry"}}, {"model": "auth.permission", "pk": 64, "fields": {"name": "Can view log entry", "content_type": 16, "codename": "view_logentry"}}, {"model": "auth.permission", "pk": 65, "fields": {"name": "Can add session", "content_type": 17, "codename": "add_session"}}, {"model": "auth.permission", "pk": 66, "fields": {"name": "Can change session", "content_type": 17, "codename": "change_session"}}, {"model": "auth.permission", "pk": 67, "fields": {"name": "Can delete session", "content_type": 17, "codename": "delete_session"}}, {"model": "auth.permission", "pk": 68, "fields": {"name": "Can view session", "content_type": 17, "codename": "view_session"}}, {"model": "auth.permission", "pk": 69, "fields": {"name": "Can add product cart", "content_type": 18, "codename": "add_productcart"}}, {"model": "auth.permission", "pk": 70, "fields": {"name": "Can change product cart", "content_type": 18, "codename": "change_productcart"}}, {"model": "auth.permission", "pk": 71, "fields": {"name": "Can delete product cart", "content_type": 18, "codename": "delete_productcart"}}, {"model": "auth.permission", "pk": 72, "fields": {"name": "Can view product cart", "content_type": 18, "codename": "view_productcart"}}, {"model": "auth.permission", "pk": 73, "fields": {"name": "Can add cart", "content_type": 19, "codename": "add_cart"}}, {"model": "auth.permission", "pk": 74, "fields": {"name": "Can change cart", "content_type": 19, "codename": "change_cart"}}, {"model": "auth.permission", "pk": 75, "fields": {"name": "Can delete cart", "content_type": 19, "codename": "delete_cart"}}, {"model": "auth.permission", "pk": 76, "fields": {"name": "Can view cart", "content_type": 19, "codename": "view_cart"}}, {"model": "auth.permission", "pk": 77, "fields": {"name": "Can add follow", "content_type": 20, "codename": "add_follow"}}, {"model": "auth.permission", "pk": 78, "fields": {"name": "Can change follow", "content_type": 20, "codename": "change_follow"}}, {"model": "auth.permission", "pk": 79, "fields": {"name": "Can delete follow", "content_type": 20, "codename": "delete_follow"}}, {"model": "auth.permission", "pk": 80, "fields": {"name": "Can view follow", "content_type": 20, "codename": "view_follow"}}, {"model": "auth.permission", "pk": 81, "fields": {"name": "Can add order", "content_type": 21, "codename": "add_order"}}, {"model": "auth.permission", "pk": 82, "fields": {"name": "Can change order", "content_type": 21, "codename": "change_order"}}, {"model": "auth.permission", "pk": 83, "fields": {"name": "Can delete order", "content_type": 21, "codename": "delete_order"}}, {"model": "auth.permission", "pk": 84, "fields": {"name": "Can view order", "content_type": 21, "codename": "view_order"}}, {"model": "auth.permission", "pk": 85, "fields": {"name": "Can add order items", "content_type": 22, "codename": "add_orderitems"}}, {"model": "auth.permission", "pk": 86, "fields": {"name": "Can change order items", "content_type": 22, "codename": "change_orderitems"}}, {"model": "auth.permission", "pk": 87, "fields": {"name": "Can delete order items", "content_type": 22, "codename": "delete_orderitems"}}, {"model": "auth.permission", "pk": 88, "fields": {"name": "Can view order items", "content_type": 22, "codename": "view_orderitems"}}, {"model": "auth.permission", "pk": 89, "fields": {"name": "Can add PayPal IPN", "content_type": 23, "codename": "add_paypalipn"}}, {"model": "auth.permission", "pk": 90, "fields": {"name": "Can change PayPal IPN", "content_type": 23, "codename": "change_paypalipn"}}, {"model": "auth.permission", "pk": 91, "fields": {"name": "Can delete PayPal IPN", "content_type": 23, "codename": "delete_paypalipn"}}, {"model": "auth.permission", "pk": 92, "fields": {"name": "Can view PayPal IPN", "content_type": 23, "codename": "view_paypalipn"}}, {"model": "auth.permission", "pk": 93, "fields": {"name": "Can add site", "content_type": 24, "codename": "add_site"}}, {"model": "auth.permission", "pk": 94, "fields": {"name": "Can change site", "content_type": 24, "codename": "change_site"}}, {"model": "auth.permission", "pk": 95, "fields": {"name": "Can delete site", "content_type": 24, "codename": "delete_site"}}, {"model": "auth.permission", "pk": 96, "fields": {"name": "Can view site", "content_type": 24, "codename": "view_site"}}, {"model": "auth.permission", "pk": 97, "fields": {"name": "Can add email address", "content_type": 25, "codename": "add_emailaddress"}}, {"model": "auth.permission", "pk": 98, "fields": {"name": "Can change email address", "content_type": 25, "codename": "change_emailaddress"}}, {"model": "auth.permission", "pk": 99, "fields": {"name": "Can delete email address", "content_type": 25, "codename": "delete_emailaddress"}}, {"model": "auth.permission", "pk": 100, "fields": {"name": "Can view email address", "content_type": 25, "codename": "view_emailaddress"}}, {"model": "auth.permission", "pk": 101, "fields": {"name": "Can add email confirmation", "content_type": 26, "codename": "add_emailconfirmation"}}, {"model": "auth.permission", "pk": 102, "fields": {"name": "Can change email confirmation", "content_type": 26, "codename": "change_emailconfirmation"}}, {"model": "auth.permission", "pk": 103, "fields": {"name": "Can delete email confirmation", "content_type": 26, "codename": "delete_emailconfirmation"}}, {"model": "auth.permission", "pk": 104, "fields": {"name": "Can view email confirmation", "content_type": 26, "codename": "view_emailconfirmation"}}, {"model": "auth.permission", "pk": 105, "fields": {"name": "Can add social account", "content_type": 27, "codename": "add_socialaccount"}}, {"model": "auth.permission", "pk": 106, "fields": {"name": "Can change social account", "content_type": 27, "codename": "change_socialaccount"}}, {"model": "auth.permission", "pk": 107, "fields": {"name": "Can delete social account", "content_type": 27, "codename": "delete_socialaccount"}}, {"model": "auth.permission", "pk": 108, "fields": {"name": "Can view social account", "content_type": 27, "codename": "view_socialaccount"}}, {"model": "auth.permission", "pk": 109, "fields": {"name": "Can add social application", "content_type": 28, "codename": "add_socialapp"}}, {"model": "auth.permission", "pk": 110, "fields": {"name": "Can change social application", "content_type": 28, "codename": "change_socialapp"}}, {"model": "auth.permission", "pk": 111, "fields": {"name": "Can delete social application", "content_type": 28, "codename": "delete_socialapp"}}, {"model": "auth.permission", "pk": 112, "fields": {"name": "Can view social application", "content_type": 28, "codename": "view_socialapp"}}, {"model": "auth.permission", "pk": 113, "fields": {"name": "Can add social application token", "content_type": 29, "codename": "add_socialtoken"}}, {"model": "auth.permission", "pk": 114, "fields": {"name": "Can change social application token", "content_type": 29, "codename": "change_socialtoken"}}, {"model": "auth.permission", "pk": 115, "fields": {"name": "Can delete social application token", "content_type": 29, "codename": "delete_socialtoken"}}, {"model": "auth.permission", "pk": 116, "fields": {"name": "Can view social application token", "content_type": 29, "codename": "view_socialtoken"}}, {"model": "auth.permission", "pk": 117, "fields": {"name": "Can add chat model", "content_type": 30, "codename": "add_chatmodel"}}, {"model": "auth.permission", "pk": 118, "fields": {"name": "Can change chat model", "content_type": 30, "codename": "change_chatmodel"}}, {"model": "auth.permission", "pk": 119, "fields": {"name": "Can delete chat model", "content_type": 30, "codename": "delete_chatmodel"}}, {"model": "auth.permission", "pk": 120, "fields": {"name": "Can view chat model", "content_type": 30, "codename": "view_chatmodel"}}, {"model": "contenttypes.contenttype", "pk": 1, "fields": {"app_label": "auth", "model": "permission"}}, {"model": "contenttypes.contenttype", "pk": 2, "fields": {"app_label": "auth", "model": "group"}}, {"model": "contenttypes.contenttype", "pk": 3, "fields": {"app_label": "contenttypes", "model": "contenttype"}}, {"model": "contenttypes.contenttype", "pk": 4, "fields": {"app_label": "userauth", "model": "user"}}, {"model": "contenttypes.contenttype", "pk": 5, "fields": {"app_label": "core", "model": "wishlist"}}, {"model": "contenttypes.contenttype", "pk": 6, "fields": {"app_label": "core", "model": "vendor"}}, {"model": "contenttypes.contenttype", "pk": 7, "fields": {"app_label": "core", "model": "productimages"}}, {"model": "contenttypes.contenttype", "pk": 8, "fields": {"app_label": "core", "model": "product"}}, {"model": "contenttypes.contenttype", "pk": 9, "fields": {"app_label": "core", "model": "address"}}, {"model": "contenttypes.contenttype", "pk": 10, "fields": {"app_label": "core", "model": "productreview"}}, {"model": "contenttypes.contenttype", "pk": 11, "fields": {"app_label": "core", "model": "cartorderitems"}}, {"model": "contenttypes.contenttype", "pk": 12, "fields": {"app_label": "core", "model": "tag"}}, {"model": "contenttypes.contenttype", "pk": 13, "fields": {"app_label": "core", "model": "cartorder"}}, {"model": "contenttypes.contenttype", "pk": 14, "fields": {"app_label": "core", "model": "productinventory"}}, {"model": "contenttypes.contenttype", "pk": 15, "fields": {"app_label": "core", "model": "category"}}, {"model": "contenttypes.contenttype", "pk": 16, "fields": {"app_label": "admin", "model": "logentry"}}, {"model": "contenttypes.contenttype", "pk": 17, "fields": {"app_label": "sessions", "model": "session"}}, {"model": "contenttypes.contenttype", "pk": 18, "fields": {"app_label": "core", "model": "productcart"}}, {"model": "contenttypes.contenttype", "pk": 19, "fields": {"app_label": "core", "model": "cart"}}, {"model": "contenttypes.contenttype", "pk": 20, "fields": {"app_label": "userauth", "model": "follow"}}, {"model": "contenttypes.contenttype", "pk": 21, "fields": {"app_label": "core", "model": "order"}}, {"model": "contenttypes.contenttype", "pk": 22, "fields": {"app_label": "core", "model": "orderitems"}}, {"model": "contenttypes.contenttype", "pk": 23, "fields": {"app_label": "ipn", "model": "paypalipn"}}, {"model": "contenttypes.contenttype", "pk": 24, "fields": {"app_label": "sites", "model": "site"}}, {"model": "contenttypes.contenttype", "pk": 25, "fields": {"app_label": "account", "model": "emailaddress"}}, {"model": "contenttypes.contenttype", "pk": 26, "fields": {"app_label": "account", "model": "emailconfirmation"}}, {"model": "contenttypes.contenttype", "pk": 27, "fields": {"app_label": "socialaccount", "model": "socialaccount"}}, {"model": "contenttypes.contenttype", "pk": 28, "fields": {"app_label": "socialaccount", "model": "socialapp"}}, {"model": "contenttypes.contenttype", "pk": 29, "fields": {"app_label": "socialaccount", "model": "socialtoken"}}, {"model": "contenttypes.contenttype", "pk": 30, "fields": {"app_label": "chat", "model": "chatmodel"}}, {"model": "sessions.session", "pk": "44mqkp4tjhdk07epviocd98ftjpm9ze5", "fields": {"session_data": ".eJxVjEEOwiAURO_C2hAKtBR3epFm-EBobGgisDLeXWq60OW8NzMvtqDVtLQSnsvq2ZVN7PLLHOgR8iGwbQfmINpbrvzbOXXht55Criuhrnu-n6u_q4SS-k-UghCt0fDSQPSgZxVJy2kUWpANWmEYaJzg4UZBElENzszWRTlb6dj7A8dPPIs:1qs1OY:aCL1son3pFzg0YIxHFA6ehDxLdMJLMa4xyMqcaJ7n8k", "expire_date": "2023-10-29T13:43:02.627Z"}}, {"model": "sessions.session", "pk": "7weoq2edhk84o8180frv4gpzk6g2g1l3", "fields": {"session_data": ".eJxVjEEOwiAQRe_C2hCghaEu3XsGMsyAVA0kpV0Z765NutDtf-_9lwi4rSVsPS1hZnEWozj9bhHpkeoO-I711iS1ui5zlLsiD9rltXF6Xg7376BgL9_ao1IWMWE2lBOzdcZZnlCbOGRQ3jkwI2gCQJ0yZqsNDMye4kQO0Ij3B_1POGA:1qqT1y:5miNRg9L4jer3uMPIF9hMWWnya1jQjZUZiwaZo3Rfak", "expire_date": "2023-10-25T06:49:18.463Z"}}, {"model": "sessions.session", "pk": "85rr4ic5b5oxa2kfd63fphnuof66w6o4", "fields": {"session_data": ".eJxVjLEOgzAQQ_8lcxVxXEigY3e-Ibokd4W2ChKBqeq_N0gM7WTZz_Zbedq3ye-FVz8ndVWgLr9ZoPjkfID0oHxfdFzyts5BHxV90qLHJfHrdnb_DiYqU11bQwOKJRdcCwYZ2Q3Yiul7K0RoHbQdY9-AAYkdRZBqB-BQJUmD6vMFyHE3dA:1qlTUF:GIRRY0B7OtToIKlwzuFJUa7QxJmVtrW-ganmYhM9zxg", "expire_date": "2023-10-11T12:17:51.833Z"}}, {"model": "sessions.session", "pk": "9fijiqugpeapcrb80ds8dshveqivwrab", "fields": {"session_data": ".eJxVjEEOwiAURO_C2hAKtBR3epFm-EBobGgisDLeXWq60OW8NzMvtqDVtLQSnsvq2ZVN7PLLHOgR8iGwbQfmINpbrvzbOXXht55Criuhrnu-n6u_q4SS-k-UghCt0fDSQPSgZxVJy2kUWpANWmEYaJzg4UZBElENzszWRTlb6dj7A8dPPIs:1qsPRt:nqvMzTi2IBlTM7scH7Vc3uvRSOAMHinCKFseeQ-jkX4", "expire_date": "2023-10-30T15:24:05.492Z"}}, {"model": "sessions.session", "pk": "9mjh6ag9j1hqcv6wm5woa7x12dii82n7", "fields": {"session_data": "e30:1qnahE:GzaXY3ZE6yfJM74FGusRDr-5pgu8ZfurslThCiOOTc8", "expire_date": "2023-10-17T08:24:00.202Z"}}, {"model": "sessions.session", "pk": "mnv83ssxyso5mv229qin1wtnymuyegro", "fields": {"session_data": ".eJxVjDkOwjAUBe_iGlmx45WSnjNEfzMOoESKkwpxd4iUAto3M--lBtjWOmxNlmFkdVZGnX43BHrItAO-w3SbNc3Tuoyod0UftOnrzPK8HO7fQYVWv3WiUiRaazhQn3KA5DomhI6NLxxRyBUIaHqfk0RncidEPjpModi-sHp_AAGtOJ8:1qsIOq:7oB9y7uy3gSisu5MXe7QsocpB_TDp70qzrsQrOe8RhM", "expire_date": "2023-10-30T07:52:28.995Z"}}, {"model": "sessions.session", "pk": "sa47onq6coxjs6vxzdyzr3zvv1puw8jk", "fields": {"session_data": ".eJxVjEEOwiAURO_C2hAKtBR3epFm-EBobGgisDLeXWq60OW8NzMvtqDVtLQSnsvq2ZVN7PLLHOgR8iGwbQfmINpbrvzbOXXht55Criuhrnu-n6u_q4SS-k-UghCt0fDSQPSgZxVJy2kUWpANWmEYaJzg4UZBElENzszWRTlb6dj7A8dPPIs:1qrW8O:iJkqpZBcPkhq4rmv5VKiRDMUM7RtRy8e2Api98Ebm3o", "expire_date": "2023-10-28T04:20:16.028Z"}}, {"model": "sessions.session", "pk": "ss1jx8qf4a7t187ddtabeowwx9mvm179", "fields": {"session_data": ".eJxVjLEOgzAQQ_8lcxVxXEigY3e-Ibokd4W2ChKBqeq_N0gM7WTZz_Zbedq3ye-FVz8ndVWgLr9ZoPjkfID0oHxfdFzyts5BHxV90qLHJfHrdnb_DiYqU11bQwOKJRdcCwYZ2Q3Yiul7K0RoHbQdY9-AAYkdRZBqB-BQJUmD6vMFyHE3dA:1qlUZ1:ADfhy1M3bSJek-Oo-Xyj2XuL3fmuYyVtoOJGZVW-Qxg", "expire_date": "2023-10-11T13:26:51.181Z"}}, {"model": "sessions.session", "pk": "tr7d9720hhvwpdlhd680dumpiny4idu0", "fields": {"session_data": "eyJzb2NpYWxhY2NvdW50X3N0YXRlIjpbeyJwcm9jZXNzIjoibG9naW4iLCJzY29wZSI6IiIsImF1dGhfcGFyYW1zIjoiIn0sIlZZaE5WSmdWNE54SiJdfQ:1qrK8P:XUsSo_WHNKdN2j80lJecGPGTJG5jScC0RshRqOyfu08", "expire_date": "2023-10-27T15:31:29.656Z"}}, {"model": "sessions.session", "pk": "uqvij2zwczaq025cu8t023nnjpy6c1hz", "fields": {"session_data": ".eJxVjEEOwiAQAP_C2RAIbAsevfsGsguLVA0kpT0Z_64kPeh1ZjIvEXDfStg7r2FJ4iy0OP0ywvjgOkS6Y701GVvd1oXkSORhu7y2xM_L0f4NCvYythnIQk7sELL3VrmYkaKiCNFaJsNAoI3HOaPxpGf1DclpO5kpERnx_gAJRjiN:1qsfLu:CA662Q6vIhKXXr4Bl3OpTTYS5kNhr-g1IlBCQ_EtrbM", "expire_date": "2023-10-31T08:22:58.459Z"}}, {"model": "sessions.session", "pk": "vwtp6rz8embxp4acy93861w5zgh4t92s", "fields": {"session_data": ".eJxVjLEOgzAQQ_8lcxVxXEigY3e-Ibokd4W2ChKBqeq_N0gM7WTZz_Zbedq3ye-FVz8ndVWgLr9ZoPjkfID0oHxfdFzyts5BHxV90qLHJfHrdnb_DiYqU11bQwOKJRdcCwYZ2Q3Yiul7K0RoHbQdY9-AAYkdRZBqB-BQJUmD6vMFyHE3dA:1qliAR:j8cjoLZBlkAy03Yef2O0gdcmHtBco2CBOSZF1jJRmck", "expire_date": "2023-10-12T03:58:23.439Z"}}, {"model": "sessions.session", "pk": "woi76u9qgbkm8t02zdgabrub7139fyqm", "fields": {"session_data": ".eJxVjEEOwiAURO_C2hAKtBR3epFm-EBobGgisDLeXWq60OW8NzMvtqDVtLQSnsvq2ZVN7PLLHOgR8iGwbQfmINpbrvzbOXXht55Criuhrnu-n6u_q4SS-k-UghCt0fDSQPSgZxVJy2kUWpANWmEYaJzg4UZBElENzszWRTlb6dj7A8dPPIs:1qqx0N:vVs6rQBdScDA-64cIZLcaHm_Cq2GLNLxzsO3kzJWkW8", "expire_date": "2023-10-26T14:49:39.779Z"}}, {"model": "sessions.session", "pk": "wtnm0iulf19cx2xdy52zomued31qhqb0", "fields": {"session_data": "e30:1qnagR:q1nATrhUJSSmu1zVs7BAJou2RjzdF-EtacpYY5f_fPo", "expire_date": "2023-10-17T08:23:11.367Z"}}, {"model": "core.tag", "pk": 1, "fields": {"title": "Cake", "slug": "cake"}}, {"model": "core.tag", "pk": 2, "fields": {"title": "Dau goi", "slug": "dau-goi"}}, {"model": "core.tag", "pk": 3, "fields": {"title": "Butter", "slug": "butter"}}, {"model": "core.tag", "pk": 4, "fields": {"title": "Whey", "slug": "Whey"}}, {"model": "core.vendor", "pk": 5, "fields": {"vid": "vengcb2hf6e6g", "title": "AdminShop", "image": "user_None/24-7_DihOetr.png", "user": 1, "address": "113 Vo Thi Sau Street.", "contact": "+84 (39) 7581458", "chat_resp_time": "100", "shipping_on_time": "100", "rating": "100", "days_return": "100"}}, {"model": "core.vendor", "pk": 6, "fields": {"vid": "venb61f5cab16", "title": "Organic Food", "image": "user_None/organic_UcO06yT.png", "user": 5, "address": "113 Vo Thi Sau Street.", "contact": "+84 (39) 7581458", "chat_resp_time": "100", "shipping_on_time": "100", "rating": "100", "days_return": "100"}}, {"model": "core.category", "pk": 1, "fields": {"cid": "cat45d1fdcd4f", "title": "Food", "image": "category/diet_Ce4vvnB.png"}}, {"model": "core.category", "pk": 2, "fields": {"cid": "cataefh2eah1b", "title": "PersonalProduct", "image": "category/cream.png"}}, {"model": "core.category", "pk": 3, "fields": {"cid": "catbe2ha23eda", "title": "Supplements", "image": "category/whey-protein.png"}}, {"model": "core.product", "pk": 49, "fields": {"pid": "pro44626egh6g", "title": "PVL ISO Gold - Premium Whey Protein With Probiotic, 5 Lbs (2.27kg)", "category": 3, "image": "", "description": "‣ 27G Protein: Whey Isolate & Hydrolysate\n‣ 100% nguồn gốc từ bò ăn cỏ chăn thả tự nhiên\n‣ 17G EAA & BCAA & Glutamine \n‣ 1 Tỷ Probiotic lợi khuẩn hỗ trợ tiêu hóa\n‣ Phù hợp với người không dung nạp lactose\n‣ Đạt Chứng Nhận GMP, Inform-Choice\n", "price": 2150000, "old_price": 2300000, "specifications": null, "product_status": "Draft", "status": true, "in_stock": true, "featured": true, "digital": true, "sku": "sku1060", "vendor": 5, "image_url": "https://bizweb.dktcdn.net/thumb/grande/100/011/344/products/pvl-iso-gold-5lbs-organge.jpg?v=1670036275547", "tags": []}}, {"model": "core.product", "pk": 50, "fields": {"pid": "pro2gb5d55ee2", "title": "Rule 1 Protein 5 Lbs (2,288 kg)", "category": 3, "image": "", "description": "‣ CTKM đang được giảm giá sâu: KHÔNG QUÀ & KHÔNG FREESHIP\n‣ Whey Protein Isolate & Hydrolyzate \n‣ 25G Protein (tỷ lệ đạt 83.3%)\n‣ 0 Sugar, 0 Lactose, 0 Gluten, No Amino Spiking.\n‣ 76 Servings\n‣ Đa dạng mùi vị \n", "price": 1600000, "old_price": 2020000, "specifications": null, "product_status": "Draft", "status": true, "in_stock": true, "featured": true, "digital": true, "sku": "sku4778", "vendor": 5, "image_url": "https://bizweb.dktcdn.net/thumb/grande/100/011/344/products/rule-1-r1-protein-chocolate-fudge-5lbs-900x900-jpeg.jpg?v=1688038731657", "tags": []}}, {"model": "core.product", "pk": 51, "fields": {"pid": "pro33gb2g4ad3", "title": "ON Whey Gold Standard 100% Whey Protein, 5 Lbs", "category": 3, "image": "", "description": "‣ CTKM đang được giảm giá sâu: KHÔNG QUÀ & KHÔNG FREESHIP\n‣ Bán chạy nhất thế giới 9 năm liên tiếp \n‣ 24G Protein \n‣ 5.5G BCAA\n‣ 4G Glutamine \n‣ Đa dạng mùi vị để lựa chọn \n", "price": 1590000, "old_price": 1890000, "specifications": null, "product_status": "Draft", "status": true, "in_stock": true, "featured": true, "digital": true, "sku": "sku8441", "vendor": 5, "image_url": "https://bizweb.dktcdn.net/thumb/grande/100/011/344/products/on-whey-gold-standard-double-rich-chocolate-5lbs-whey-protein-gymstore-jpeg.jpg?v=1688460849017", "tags": []}}, {"model": "core.product", "pk": 52, "fields": {"pid": "pro2g4g1hhdcd", "title": "Nutrabolics Hydropure 4.5 Lbs, 58 Servings", "category": 3, "image": "", "description": "‣ 100% Hydrolyzed Whey Protein\n‣ 28g Protein\n‣ 13g EAA, 6.1g BCAA, 5g Glutamine\n‣ Không chứa Lactose, Gluten\n‣ Đạt chứng chỉ HACCP, GMP, ISO, HALAL\n", "price": 1750000, "old_price": 2050000, "specifications": null, "product_status": "Draft", "status": true, "in_stock": true, "featured": true, "digital": true, "sku": "sku1066", "vendor": 5, "image_url": "https://bizweb.dktcdn.net/thumb/grande/100/011/344/products/nutrabolics-hydropure-extreme-ch.jpg?v=1689657674980", "tags": []}}, {"model": "core.product", "pk": 53, "fields": {"pid": "pro26bdhg5a1a", "title": "Mutant  ISO Surge 5 Lbs (76 Servings)", "category": 3, "image": "", "description": "", "price": null, "old_price": 1990000, "specifications": null, "product_status": "Draft", "status": true, "in_stock": true, "featured": true, "digital": true, "sku": "sku3807", "vendor": 5, "image_url": "https://bizweb.dktcdn.net/thumb/grande/100/011/344/products/mutant-iso-surge-coconut-cream-5lbs-whey-protein-gymstore-jpeg.jpg?v=1688097065687", "tags": []}}, {"model": "core.product", "pk": 54, "fields": {"pid": "pro4fb324e4b6", "title": "Biotech USA ISO Whey Zero 5 Lbs (2,270 Kg)", "category": 3, "image": "", "description": "‣ 22G Protein Isolate \n‣ 9.5G EAAs\n‣ 4.5G BCAA\n‣ 4.3G Glutamine\n‣ Hương vị dễ uống \n", "price": 1947500, "old_price": 2050000, "specifications": null, "product_status": "Draft", "status": true, "in_stock": true, "featured": true, "digital": true, "sku": "sku2409", "vendor": 5, "image_url": "https://bizweb.dktcdn.net/thumb/grande/100/011/344/products/biotechusa-iso-whey-zero-caffe-latte-5lbs-whey-protein-gymstore-jpeg.jpg?v=1688361334667", "tags": []}}, {"model": "core.product", "pk": 55, "fields": {"pid": "pro3hf5eeed4b", "title": "BioTechUSA Hydro Whey Zero, 4 Lbs (1,816 Kg)", "category": 3, "image": "", "description": "‣ \nWhey Hydrolyzed & Whey Isolate\n‣ \nNguyên liệu cao cấp từ sữa của những con bò được chăn thả tự nhiên\n‣ \n18g protein\n‣ \n3.7g BCAA, 7.5g EAA, 4g Glutamine\n‣ \nChỉ 85 calo/serving\n‣ \nPhù hợp với người không dung nạp lactose, gluten\n‣ \nKhông gây nổi mụn\n", "price": 2042500, "old_price": 2150000, "specifications": null, "product_status": "Draft", "status": true, "in_stock": true, "featured": true, "digital": true, "sku": "sku3068", "vendor": 5, "image_url": "https://bizweb.dktcdn.net/thumb/grande/100/011/344/products/biotechusa-hydro-whey-zero-vanilla-1-8kg-gymstore-jpeg.jpg?v=1690008647117", "tags": []}}, {"model": "core.product", "pk": 56, "fields": {"pid": "prohf446cdb1f", "title": "Applied ISO XP Whey Protein Isolate, 1.8 KG (72 Servings)", "category": 3, "image": "", "description": "‣ Cung cấp 22.4g Protein (Tỷ lệ 90% - cao nhất trong phân khúc)\n‣ 100% Whey Protein Isolate\n‣ Đạt chứng nhận cGMP, Halal, ISO 22000, BRC\n‣ 0 lactose\n‣ 0 gluten\n‣ 0 đậu nành\n", "price": 1840000, "old_price": 1890000, "specifications": null, "product_status": "Draft", "status": true, "in_stock": true, "featured": true, "digital": true, "sku": "sku2546", "vendor": 5, "image_url": "https://bizweb.dktcdn.net/thumb/grande/100/011/344/products/applied-iso-xp-chocolate-72-servings-whey-protein-gymstore-jpeg.jpg?v=1688533013067", "tags": []}}, {"model": "core.product", "pk": 57, "fields": {"pid": "prohe646353gh", "title": "BPI ISO HD 100% Pure Isolate Protein, 5 Lbs (69 Servings)", "category": 3, "image": "", "description": "‣ CTKM đang được giảm giá sâu: KHÔNG QUÀ & KHÔNG FREESHIP\n‣ 100% Whey Protein Isolate \n‣ 25g Protein, 120 Calo\n‣ 1G Fat & Sugar \n‣ Hương vị thơm ngon, bột mịn dễ tan\n", "price": 1490000, "old_price": 1690000, "specifications": null, "product_status": "Draft", "status": true, "in_stock": true, "featured": true, "digital": true, "sku": "sku1841", "vendor": 5, "image_url": "https://bizweb.dktcdn.net/thumb/grande/100/011/344/products/bpi-iso-hd-chocolate-brownie-5lbs-whey-protein-gymstore-jpeg.jpg?v=1688114789073", "tags": []}}, {"model": "core.product", "pk": 58, "fields": {"pid": "pro211fgb53h4", "title": "Rule 1 Whey Blend 5 Lbs (2.3Kg) -  70 Servings", "category": 3, "image": "", "description": "‣ 24G Protein\n‣ 5.5G BCAAs\n‣ Không Spiking - chất tạo hàm lượng Protein giả tạo\n‣ Không chất cấm\n‣ Không Gluten\n", "price": 1290000, "old_price": 1600000, "specifications": null, "product_status": "Draft", "status": true, "in_stock": true, "featured": true, "digital": true, "sku": "sku2554", "vendor": 5, "image_url": "https://bizweb.dktcdn.net/thumb/grande/100/011/344/products/rule-1-blend-birthday-cake-5lbs-whey-protein-gymstore-jpeg.jpg?v=1687853132837", "tags": []}}, {"model": "core.product", "pk": 59, "fields": {"pid": "prob53aa2a6g1", "title": "Amix Gold Isolate Whey Protein, 5 Lbs (76 Servings)", "category": 3, "image": "", "description": "", "price": null, "old_price": 1530000, "specifications": null, "product_status": "Draft", "status": true, "in_stock": true, "featured": true, "digital": true, "sku": "sku3885", "vendor": 5, "image_url": "https://bizweb.dktcdn.net/thumb/grande/100/011/344/products/amix-gold-isolate-whey-protein-5.jpg?v=1686104914960", "tags": []}}, {"model": "core.product", "pk": 60, "fields": {"pid": "pro44h6ge32db", "title": "REDCON1 ISOTOPE - 100% Whey Isolate Protein, 5Lbs (69 Servings)", "category": 3, "image": "", "description": "‣ 100% Whey Isolate & Hydrolyzed\n‣ 25G Protein trong mỗi serving\n‣ 6G BCAAs\n‣ 15G EAAs\n‣ Hương vị tự nhiên\n", "price": 1690000, "old_price": 2000000, "specifications": null, "product_status": "Draft", "status": true, "in_stock": true, "featured": true, "digital": true, "sku": "sku8260", "vendor": 5, "image_url": "https://bizweb.dktcdn.net/thumb/grande/100/011/344/products/redcon1-isotope-mint-chocolate-5lbs-whey-protein-gymstore-jpeg.jpg?v=1687935900320", "tags": []}}, {"model": "core.product", "pk": 61, "fields": {"pid": "proacbh4ec666", "title": "Applied Clear Whey Protein Hydrolysed 875G (35 Servings)", "category": 3, "image": "", "description": "‣ 100% Hydrolysed Whey Protein\n‣ 21g Protein. 5g BCAA\n‣ Chỉ 90 Calo/serving\n‣ Hàm lượng Sugar & Fat thấp \n‣ Hương vị trái cây tự nhiên thanh mát, khử vị sữa\n‣ Đạt chứng nhận Halal\n", "price": 1050000, "old_price": 1150000, "specifications": null, "product_status": "Draft", "status": true, "in_stock": true, "featured": true, "digital": true, "sku": "sku5171", "vendor": 5, "image_url": "https://bizweb.dktcdn.net/thumb/grande/100/011/344/products/applied-clear-whey-protein-grapefruit-gymstore-jpeg.jpg?v=1688455163033", "tags": []}}, {"model": "core.product", "pk": 62, "fields": {"pid": "probgg5454hh3", "title": "VitaXtrong ISO PRO - Hydrolyzed Whey Isolate, 5 Lbs (2.27 Kg)", "category": 3, "image": "", "description": "", "price": null, "old_price": 1990000, "specifications": null, "product_status": "Draft", "status": true, "in_stock": true, "featured": true, "digital": true, "sku": "sku2610", "vendor": 5, "image_url": "https://bizweb.dktcdn.net/thumb/grande/100/011/344/products/vitaxtrong-iso-pro-5lbs-hydrolyzed-whey-protein-isolate-tang-co-bap-gymstore.jpg?v=1672388398837", "tags": []}}, {"model": "core.product", "pk": 63, "fields": {"pid": "pro212b2g4462", "title": "Labrada Lean Body Protein Shake 4.63 Lbs, 30 serving (2.1 KG)", "category": 3, "image": "", "description": "", "price": null, "old_price": 1750000, "specifications": null, "product_status": "Draft", "status": true, "in_stock": true, "featured": true, "digital": true, "sku": "sku2424", "vendor": 5, "image_url": "https://bizweb.dktcdn.net/thumb/grande/100/011/344/products/labrada-lean-body-2-1-kg-30-servings.jpg?v=1684837677110", "tags": []}}, {"model": "core.product", "pk": 64, "fields": {"pid": "pro3eb2b46354", "title": "Scitec Nutrition 100% Whey Protein Isolate, 2000 Gams (80 Servings)", "category": 3, "image": "", "description": "", "price": null, "old_price": 2320000, "specifications": null, "product_status": "Draft", "status": true, "in_stock": true, "featured": true, "digital": true, "sku": "sku6927", "vendor": 5, "image_url": "https://bizweb.dktcdn.net/thumb/grande/100/011/344/products/scitec-whey-chocolate-5lbs-whey-protein-gymstore-jpeg.jpg?v=1688789645547", "tags": []}}, {"model": "core.product", "pk": 65, "fields": {"pid": "pro2gab2c35cd", "title": "ON Platinum Hydrowhey, 3.5 Lbs (1.59 kg)", "category": 3, "image": "", "description": "‣ 30G Whey Protein siêu tinh khiết \n‣ 15.5G EAAs tổng hợp Protein phát triển cơ bắp \n‣ 8.8G BCAA gia tăng sức bền tập luyện \n‣ Ít đường, ít calo phù hợp với người ăn kiêng\n‣ Hương vị thơm ngon, không ngấy\n", "price": 1890000, "old_price": 2050000, "specifications": null, "product_status": "Draft", "status": true, "in_stock": true, "featured": true, "digital": true, "sku": "sku2954", "vendor": 5, "image_url": "https://bizweb.dktcdn.net/thumb/grande/100/011/344/products/on-hydrowhey-turbo-chocolate-3-5lbs-whey-protein-gymstore-jpeg.jpg?v=1687947752453", "tags": []}}, {"model": "core.product", "pk": 66, "fields": {"pid": "pro6dbdh2214f", "title": "Kevin Levrone GOLD ISO - Pure Whey Protein Isolate, 2 KG (66 Servings)", "category": 3, "image": "", "description": "", "price": null, "old_price": 1650000, "specifications": null, "product_status": "Draft", "status": true, "in_stock": true, "featured": true, "digital": true, "sku": "sku2278", "vendor": 5, "image_url": "https://bizweb.dktcdn.net/thumb/grande/100/011/344/products/kevin-levrone-gold-iso-chocolate-2kg-whey-protein-gymstore-jpeg.jpg?v=1688611784183", "tags": []}}, {"model": "core.product", "pk": 67, "fields": {"pid": "proh5h32hhag6", "title": "BioTech USA 100% Pure Whey 2270g, 81 Servings", "category": 3, "image": "", "description": "‣ 21g Protein Concentrate + Isolate\n‣ 9g EAA, 4.3g BCAA \n‣ Thêm Glutamine và Arginine\n‣ Enzyme tiêu hóa Bromelain\n‣ Không Gluten, không dầu cọ\n", "price": 1510500, "old_price": 1590000, "specifications": null, "product_status": "Draft", "status": true, "in_stock": true, "featured": true, "digital": true, "sku": "sku3109", "vendor": 5, "image_url": "https://bizweb.dktcdn.net/thumb/grande/100/011/344/products/biotech-usa-pure-whey-hazelnut-whey-protein-gymstore-jpeg.jpg?v=1688792307783", "tags": []}}, {"model": "core.product", "pk": 68, "fields": {"pid": "procb3aga46c6", "title": "FA Engineered Nutrition Whey Protein, 4.5 KG", "category": 3, "image": "", "description": "", "price": null, "old_price": 1990000, "specifications": null, "product_status": "Draft", "status": true, "in_stock": true, "featured": true, "digital": true, "sku": "sku1712", "vendor": 5, "image_url": "https://bizweb.dktcdn.net/thumb/grande/100/011/344/products/fa-engineered-nutrition-whey-protein-4-5kg-chocolate-smoothie-gymstore.jpg?v=1665802949617", "tags": []}}, {"model": "core.product", "pk": 69, "fields": {"pid": "probb4hb4cd6b", "title": "Dymatize ISO 100 Hydrolyzed, 5 Lbs (2.27 kg)", "category": 3, "image": "", "description": "‣ 25g Hydrolyzed 100% Whey Protein Isolate\n‣ 5.5g BCAAs\n‣ 2.6g L-Leucine\n‣ 0g Fat\n‣ Không Gluten và không Lactose \n", "price": 2250000, "old_price": 2300000, "specifications": null, "product_status": "Draft", "status": true, "in_stock": true, "featured": true, "digital": true, "sku": "sku2998", "vendor": 5, "image_url": "https://bizweb.dktcdn.net/thumb/grande/100/011/344/products/dymatize-iso100-gourmet-chocolate-5lbs-whey-protein-gymstore-jpeg.jpg?v=1688724976257", "tags": []}}, {"model": "core.product", "pk": 70, "fields": {"pid": "pro6gc26dag6g", "title": "BioTech USA 100% Pure Whey 4000g, 142 Servings", "category": 3, "image": "", "description": "‣ CTKM: FREESHIP TOÀN QUỐC HOẶC QUÀ TẶNG\n‣ 21g Protein Concentrate + Isolate\n‣ 9g EAA, 4.3g BCAA\n‣ 4.5g Glutamine\n‣ 781mg Arginine\n‣ Enzyme tiêu hóa Bromelain\n", "price": 2802500, "old_price": 2950000, "specifications": null, "product_status": "Draft", "status": true, "in_stock": true, "featured": true, "digital": true, "sku": "sku3053", "vendor": 5, "image_url": "https://bizweb.dktcdn.net/thumb/grande/100/011/344/products/biotechusa-100-percentage-pure-whey-142-serving-chocolate.jpg?v=1664356362197", "tags": []}}, {"model": "core.product", "pk": 71, "fields": {"pid": "pro4gbbdeha4f", "title": "MyProtein Impact Whey Protein, 2.5 Kg (100 Servings)", "category": 3, "image": "", "description": "‣ 18G-20G Protein hấp thụ nhanh chóng\n‣ 4.5G BCAA \n‣ 2G Leucine mỗi lần dùng\n‣ 3.6G Glutamine \n‣ Vị trí TOP Đầu của chứng nhận Labdoor\n", "price": 1750000, "old_price": 1900000, "specifications": null, "product_status": "Draft", "status": true, "in_stock": true, "featured": true, "digital": true, "sku": "sku2560", "vendor": 5, "image_url": "https://bizweb.dktcdn.net/thumb/grande/100/011/344/products/myprotein-impact-whey-protein-2-5kg-100-servings-banana-gymstore.jpg?v=1658913653660", "tags": []}}, {"model": "core.product", "pk": 72, "fields": {"pid": "pro216ddgf112", "title": "MyProtein Impact Whey Protein, 1 Kg (40 Servings)", "category": 3, "image": "", "description": "‣ 18G-20G Protein hấp thụ nhanh chóng\n‣ 4.5G BCAA \n‣ 2G Leucine mỗi lần dùng\n‣ 3.6G Glutamine \n‣ Vị trí TOP Đầu của chứng nhận Labdoor\n‣ Hỗ trợ tất cả các mục tiêu đào tạo về thể hình\n", "price": 890000, "old_price": 950000, "specifications": null, "product_status": "Draft", "status": true, "in_stock": true, "featured": true, "digital": true, "sku": "sku3603", "vendor": 5, "image_url": "https://bizweb.dktcdn.net/thumb/grande/100/011/344/products/myprotein-impact-whey-protein-1kg-40-servings-banana-gymstore.jpg?v=1658919339743", "tags": []}}, {"model": "core.product", "pk": 73, "fields": {"pid": "pro36f416a5bg", "title": "Beyond Isolate - Ultra Premium Whey Protein Isolate, 1.9 Lbs (30 Servings)", "category": 3, "image": "", "description": "", "price": null, "old_price": 950000, "specifications": null, "product_status": "Draft", "status": true, "in_stock": true, "featured": true, "digital": true, "sku": "sku6873", "vendor": 5, "image_url": "https://bizweb.dktcdn.net/thumb/grande/100/011/344/products/beyond-isolate-ultra-premium-high-quality-whey-protein-isolate-1-9-lbs-30-servings-blue-freeze-gymstore.jpg?v=1670230197503", "tags": []}}, {"model": "core.product", "pk": 74, "fields": {"pid": "proe1hhc44f5a", "title": "Rule 1 Protein 10 Lbs (4,576 kg)", "category": 3, "image": "", "description": "", "price": null, "old_price": 3050000, "specifications": null, "product_status": "Draft", "status": true, "in_stock": true, "featured": true, "digital": true, "sku": "sku1870", "vendor": 5, "image_url": "https://bizweb.dktcdn.net/thumb/grande/100/011/344/products/rule-1-r1-protein-chocolate-10lbs-whey-protein-gymstore-jpeg.jpg?v=1688466409360", "tags": []}}, {"model": "core.product", "pk": 75, "fields": {"pid": "proa2h62526ca", "title": "MuscleTech NITRO-TECH Ripped, 4 Lbs.", "category": 3, "image": "", "description": "‣ Whey Blend: Concentrate, Peptides, Isolate, Milk\n‣ 30g protein/lần dùng\n‣ Bổ sung 4 hoạt chất tự nhiên hỗ trợ đốt mỡ mạnh mẽ\n‣ Thúc đẩy trao đổi chất\n‣ Hỗ trợ tăng cơ giảm mỡ\n", "price": 1700000, "old_price": 1770000, "specifications": null, "product_status": "Draft", "status": true, "in_stock": true, "featured": true, "digital": true, "sku": "sku2592", "vendor": 5, "image_url": "https://bizweb.dktcdn.net/thumb/grande/100/011/344/products/muscletech-nitro-tech-ripped-chocolate-fudge-4lbs-whey-protein-gymtore-jpeg.jpg?v=1688699645710", "tags": []}}, {"model": "core.product", "pk": 76, "fields": {"pid": "probea5f3hb16", "title": "MuscleTech NITRO-TECH 4 Lbs (1,8 kg)", "category": 3, "image": "", "description": "‣ 30G Protein chất lượng\n‣ 3G Creatine Monohydrate tăng sức mạnh và hiệu suất\n‣ 6.6G BCAA hỗ trợ xây dựng cơ bắp tốt hơn\n‣ 5.3G Glutamine tăng phuc hồi cơ bắp\n‣ Xây dựng và phục hồi cơ bắp tối ưu nhất\n", "price": 1650000, "old_price": 1800000, "specifications": null, "product_status": "Draft", "status": true, "in_stock": true, "featured": true, "digital": true, "sku": "sku2952", "vendor": 5, "image_url": "https://bizweb.dktcdn.net/thumb/grande/100/011/344/products/muscletech-nitrotech-milk-chocolate-4lbs-whey-protein-gymstore-jpeg.jpg?v=1688358555923", "tags": []}}, {"model": "core.product", "pk": 77, "fields": {"pid": "pro3d56dhg5gh", "title": "Rule1 Whey Blend 10Lbs - 140 Servings", "category": 3, "image": "", "description": "‣ CTKM: FREESHIP TOÀN QUỐC HOẶC QUÀ TẶNG\n‣ 24G Protein \n‣ 5.5G BCAAs \n‣ Không Spiking - chất tạo hàm lượng Protein giả tạo \n‣ Không chất phụ gia\n", "price": 2500000, "old_price": 2900000, "specifications": null, "product_status": "Draft", "status": true, "in_stock": true, "featured": true, "digital": true, "sku": "sku2796", "vendor": 5, "image_url": "https://bizweb.dktcdn.net/thumb/grande/100/011/344/products/rule1-whey-blend-10lbs-140-serving-vanila-gymstore.jpg?v=1638590968673", "tags": []}}, {"model": "core.product", "pk": 78, "fields": {"pid": "pro642e4f6ggh", "title": "Mutant ISO Surge, 1.6 Lbs (23 Servings)", "category": 3, "image": "", "description": "", "price": null, "old_price": 950000, "specifications": null, "product_status": "Draft", "status": true, "in_stock": true, "featured": true, "digital": true, "sku": "sku3418", "vendor": 5, "image_url": "https://bizweb.dktcdn.net/thumb/grande/100/011/344/products/mutant-iso-surge-peanut-butter-chocolate-1-6lbs-whey-protein-gymstore-jpeg.jpg?v=1688612571423", "tags": []}}, {"model": "core.product", "pk": 79, "fields": {"pid": "prohd23b2fcbg", "title": "Cbum ISO Protein - 25 Serving", "category": 3, "image": "", "description": "‣ 100% Micro - Filtered Whey Isolate\n‣ 110 Calorie\n‣ 25g Protein \n‣ Zero Fat \n‣ Zero Cholesterol\n‣ Hương vị nổi bật: Vanilla Oatmeal Cookie & Cinnamon Crunch Cereal\n", "price": 1260000, "old_price": 1400000, "specifications": null, "product_status": "Draft", "status": true, "in_stock": true, "featured": true, "digital": true, "sku": "sku2132", "vendor": 5, "image_url": "https://bizweb.dktcdn.net/thumb/grande/100/011/344/products/raw-cbum-protein-vanilla-oatmeal-cookie-25-servings-whey-protein-gymstore-jpeg.jpg?v=1688793507540", "tags": []}}, {"model": "core.product", "pk": 80, "fields": {"pid": "proe25e414511", "title": "Applied Diet Whey Protein, 1 KG (40 Servings)", "category": 3, "image": "", "description": "‣ Hỗ trợ xây dựng và duy trì cơ bắp\n‣ Phát triển cơ bắp tốt hơn khi cung cấp thêm AstraGin\n‣ Tăng tốc độ phục hồi của cơ bắp sau mỗi buổi tập\n‣ Hương vị thơm ngon dễ uống\n‣ Kiểm soát chế độ ăn kiêng tốt hơn\n‣ Hỗ trợ giảm mỡ với các thành phần chuyên biệt\n", "price": 800000, "old_price": 890000, "specifications": null, "product_status": "Draft", "status": true, "in_stock": true, "featured": true, "digital": true, "sku": "sku4026", "vendor": 5, "image_url": "https://bizweb.dktcdn.net/thumb/grande/100/011/344/products/diet-whey4.jpg?v=1647413522117", "tags": []}}, {"model": "core.product", "pk": 81, "fields": {"pid": "pro51fhh1bfa3", "title": "Scitec 100% Whey Protein Professional, 2350 Gams (78 Servings)", "category": 3, "image": "", "description": "", "price": null, "old_price": 2090000, "specifications": null, "product_status": "Draft", "status": true, "in_stock": true, "featured": true, "digital": true, "sku": "sku8199", "vendor": 5, "image_url": "https://bizweb.dktcdn.net/thumb/grande/100/011/344/products/whey-protein.jpg?v=1647333405653", "tags": []}}, {"model": "core.product", "pk": 82, "fields": {"pid": "pro321bhfffce", "title": "AllMax IsoFlex 5Lbs (2,27 kg)", "category": 3, "image": "", "description": "", "price": null, "old_price": 2250000, "specifications": null, "product_status": "Draft", "status": true, "in_stock": true, "featured": true, "digital": true, "sku": "sku4177", "vendor": 5, "image_url": "https://bizweb.dktcdn.net/thumb/grande/100/011/344/products/allmax-isoflex-chocolate-5lbs-whey-protein-gymstore-jpeg.jpg?v=1688722550703", "tags": []}}, {"model": "core.product", "pk": 83, "fields": {"pid": "proce1eb4gage", "title": "MuscleTech NITRO-TECH, 10 Lbs (4,54 Kg)", "category": 3, "image": "", "description": "‣ CTKM: FREESHIP TOÀN QUỐC HOẶC QUÀ TẶNG\n‣ 30G Protein\n‣ 3G Creatine Monohydrate\n‣ 6.9G BCAA\n‣ 5.3G Glutamine\n", "price": 3190000, "old_price": 3550000, "specifications": null, "product_status": "Draft", "status": true, "in_stock": true, "featured": true, "digital": true, "sku": "sku2298", "vendor": 5, "image_url": "https://bizweb.dktcdn.net/thumb/grande/100/011/344/products/muscle-tech-nitrotech-10lbs-chocolate.jpg?v=1661413130033", "tags": []}}, {"model": "core.product", "pk": 84, "fields": {"pid": "prof243h6161f", "title": "ON Gold Standard 100% Whey Protein 10 Lbs (4.54 kg)", "category": 3, "image": "", "description": "‣ CTKM: FREESHIP TOÀN QUỐC hOẶC QUÀ TẶNG\n‣ Bán chạy nhất thế giới 9 năm liên tiếp \n‣ 24G Protein \n‣ 5.5G BCAA\n‣ 4G Glutamine \n‣ Đa dạng mùi vị để lựa chọn \n", "price": 3100000, "old_price": 3500000, "specifications": null, "product_status": "Draft", "status": true, "in_stock": true, "featured": true, "digital": true, "sku": "sku2851", "vendor": 5, "image_url": "https://bizweb.dktcdn.net/thumb/grande/100/011/344/products/on-whey-gold-standard-whey-protein-10lbs-gymstore-delicious-strawberry.jpg?v=1659511965143", "tags": []}}, {"model": "core.product", "pk": 85, "fields": {"pid": "prohbbg623bfb", "title": "AllMax IsoFlex, 2 Lbs (907 g)", "category": 3, "image": "", "description": "", "price": null, "old_price": 1150000, "specifications": null, "product_status": "Draft", "status": true, "in_stock": true, "featured": true, "digital": true, "sku": "sku4212", "vendor": 5, "image_url": "https://bizweb.dktcdn.net/thumb/grande/100/011/344/products/allmax-nutrition-isoflex-2-lbs-907-g.jpg?v=1638591733037", "tags": []}}, {"model": "core.product", "pk": 86, "fields": {"pid": "probhh24e555f", "title": "PVL ISO Gold - Premium Whey Protein With Probiotic, 2 Lbs (908 gram)", "category": 3, "image": "", "description": "", "price": null, "old_price": 990000, "specifications": null, "product_status": "Draft", "status": true, "in_stock": true, "featured": true, "digital": true, "sku": "sku2517", "vendor": 5, "image_url": "https://bizweb.dktcdn.net/thumb/grande/100/011/344/products/pvl-iso-gold-2lbs-organge.jpg?v=1670036254950", "tags": []}}, {"model": "core.product", "pk": 87, "fields": {"pid": "pro5efg6e25ab", "title": "Rule 1 R1 Whey Blend 2 Lbs, 28 Servings", "category": 3, "image": "", "description": "‣ 24G Protein\n‣ 5.5G BCAAs\n‣ Không Spiking - chất tạo hàm lượng Protein giả tạo\n‣ Không chất phụ gia\n", "price": 700000, "old_price": 850000, "specifications": null, "product_status": "Draft", "status": true, "in_stock": true, "featured": true, "digital": true, "sku": "sku1226", "vendor": 5, "image_url": "https://bizweb.dktcdn.net/thumb/grande/100/011/344/products/rule1-whey-blend-2lbs-28-serving-chocolate-fudge-gymstore.jpg?v=1638591847850", "tags": []}}, {"model": "core.product", "pk": 88, "fields": {"pid": "proe5bhdhb6da", "title": "RSP ISOLEAN, 5Lbs (2.27kg) Hydrolyzed Whey Isolate - 73 Servings", "category": 3, "image": "", "description": "", "price": null, "old_price": 1650000, "specifications": null, "product_status": "Draft", "status": true, "in_stock": true, "featured": true, "digital": true, "sku": "sku4133", "vendor": 5, "image_url": "https://bizweb.dktcdn.net/thumb/grande/100/011/344/products/rsp-iso-lean-chocolate-5lbs-whey-protein-gymstore-jpeg.jpg?v=1687945659303", "tags": []}}, {"model": "core.product", "pk": 89, "fields": {"pid": "proh4d3a26bc1", "title": "PVL Whey Gold - 100% Whey Protein Shake Mix, 6Lbs (72 Servings)", "category": 3, "image": "", "description": "", "price": null, "old_price": 1640000, "specifications": null, "product_status": "Draft", "status": true, "in_stock": true, "featured": true, "digital": true, "sku": "sku1823", "vendor": 5, "image_url": "https://bizweb.dktcdn.net/thumb/grande/100/011/344/products/pvl-whey-gold-tieu-chuan-protein-blend-gymstore.jpg?v=1638590579957", "tags": []}}, {"model": "core.product", "pk": 90, "fields": {"pid": "profc1b53c3a3", "title": "Nutrex ISOFIT, 5 Lbs(70 Servings)", "category": 3, "image": "", "description": "‣ 100% Whey Protein Isolate\n‣ 25G Protein \n‣ 12.2G EAA \n‣ 5.9G BCAA \n‣ <1G đường\n", "price": 1550000, "old_price": 1850000, "specifications": null, "product_status": "Draft", "status": true, "in_stock": true, "featured": true, "digital": true, "sku": "sku3198", "vendor": 5, "image_url": "https://bizweb.dktcdn.net/thumb/grande/100/011/344/products/nutrex-isofit-chocolate.jpg?v=1661413271163", "tags": []}}, {"model": "core.product", "pk": 91, "fields": {"pid": "proccgedg2246", "title": "MuscleTech NITRO-TECH 100% Whey Gold, 8 Lbs (109 Servings)", "category": 3, "image": "", "description": "", "price": null, "old_price": 2100000, "specifications": null, "product_status": "Draft", "status": true, "in_stock": true, "featured": true, "digital": true, "sku": "sku6636", "vendor": 5, "image_url": "https://bizweb.dktcdn.net/thumb/grande/100/011/344/products/nitrotech-whey-gold-10lbs.jpg?v=1661413353273", "tags": []}}, {"model": "core.product", "pk": 92, "fields": {"pid": "pro25f4aaeahh", "title": "Scitec Nutrition 100% Whey Protein Isolate, 4000 Gams (160 Servings)", "category": 3, "image": "", "description": "", "price": null, "old_price": 3500000, "specifications": null, "product_status": "Draft", "status": true, "in_stock": true, "featured": true, "digital": true, "sku": "sku2885", "vendor": 5, "image_url": "https://bizweb.dktcdn.net/thumb/grande/100/011/344/products/scitec.jpg?v=1661413559817", "tags": []}}, {"model": "core.product", "pk": 93, "fields": {"pid": "prohcb161514f", "title": "S.A.N Titanium Isolate Supreme 5Lbs (75 Servings)", "category": 3, "image": "", "description": "", "price": null, "old_price": 1850000, "specifications": null, "product_status": "Draft", "status": true, "in_stock": true, "featured": true, "digital": true, "sku": "sku2500", "vendor": 5, "image_url": "https://bizweb.dktcdn.net/thumb/grande/100/011/344/products/tatinium.png?v=1661413599980", "tags": []}}, {"model": "core.product", "pk": 94, "fields": {"pid": "prohdadhhge5c", "title": "Elite Labs USA 100% ISOBlend 4,02 Lbs (1,83 kg)", "category": 3, "image": "", "description": "", "price": null, "old_price": 1950000, "specifications": null, "product_status": "Draft", "status": true, "in_stock": true, "featured": true, "digital": true, "sku": "sku1740", "vendor": 5, "image_url": "https://bizweb.dktcdn.net/thumb/grande/100/011/344/products/isoblend4.jpg?v=1647328624437", "tags": []}}, {"model": "core.product", "pk": 95, "fields": {"pid": "proec45a21a11", "title": "MyProtein Impact Whey Isolate, 2.5 Kg (100 servings)", "category": 3, "image": "", "description": "", "price": null, "old_price": 2200000, "specifications": null, "product_status": "Draft", "status": true, "in_stock": true, "featured": true, "digital": true, "sku": "sku3254", "vendor": 5, "image_url": "https://bizweb.dktcdn.net/thumb/grande/100/011/344/products/myprotein-impact-whey-isolate-2-5kg-100-servings-blue-berry-gymstore.jpg?v=1638591341160", "tags": []}}, {"model": "core.product", "pk": 96, "fields": {"pid": "pro36a2222ae5", "title": "S.A.N rawfusion, 4.1 Lbs (1.862 Kg)", "category": 3, "image": "", "description": "", "price": null, "old_price": 1600000, "specifications": null, "product_status": "Draft", "status": true, "in_stock": true, "featured": true, "digital": true, "sku": "sku4203", "vendor": 5, "image_url": "https://bizweb.dktcdn.net/thumb/grande/100/011/344/products/raw.jpg?v=1661413651980", "tags": []}}, {"model": "core.product", "pk": 97, "fields": {"pid": "pro31fhh3bdb2", "title": "Bánh mì hoa cúc ngàn lớp Fes’ta", "category": 1, "image": "user_None/347332603_5694938643939548_5288659187450542631_n-768x768_2QltnZb.jpg", "description": "", "price": 23500, "old_price": 25000, "specifications": "", "product_status": "draft", "status": true, "in_stock": false, "featured": true, "digital": true, "sku": "sku1150", "vendor": 6, "image_url": "https://richy.com.vn/wp-content/uploads/2023/05/347332603_5694938643939548_5288659187450542631_n.jpg", "tags": [1]}}, {"model": "core.productinventory", "pk": 157, "fields": {"product": 49, "quantity": 10, "created_at": "2023-10-11T14:10:43.693Z", "modified_at": "2023-10-11T14:10:43.693Z", "deleted_at": "2023-10-11T14:10:43.693Z"}}, {"model": "core.productinventory", "pk": 158, "fields": {"product": 50, "quantity": 10, "created_at": "2023-10-11T14:10:43.709Z", "modified_at": "2023-10-11T14:10:43.709Z", "deleted_at": "2023-10-11T14:10:43.709Z"}}, {"model": "core.productinventory", "pk": 159, "fields": {"product": 51, "quantity": 10, "created_at": "2023-10-11T14:10:43.726Z", "modified_at": "2023-10-11T14:10:43.726Z", "deleted_at": "2023-10-11T14:10:43.726Z"}}, {"model": "core.productinventory", "pk": 160, "fields": {"product": 52, "quantity": 10, "created_at": "2023-10-11T14:10:43.742Z", "modified_at": "2023-10-11T14:10:43.742Z", "deleted_at": "2023-10-11T14:10:43.742Z"}}, {"model": "core.productinventory", "pk": 161, "fields": {"product": 53, "quantity": 10, "created_at": "2023-10-11T14:10:43.757Z", "modified_at": "2023-10-11T14:10:43.757Z", "deleted_at": "2023-10-11T14:10:43.757Z"}}, {"model": "core.productinventory", "pk": 162, "fields": {"product": 54, "quantity": 10, "created_at": "2023-10-11T14:10:43.774Z", "modified_at": "2023-10-11T14:10:43.774Z", "deleted_at": "2023-10-11T14:10:43.774Z"}}, {"model": "core.productinventory", "pk": 163, "fields": {"product": 55, "quantity": 10, "created_at": "2023-10-11T14:10:43.792Z", "modified_at": "2023-10-11T14:10:43.792Z", "deleted_at": "2023-10-11T14:10:43.792Z"}}, {"model": "core.productinventory", "pk": 164, "fields": {"product": 56, "quantity": 10, "created_at": "2023-10-11T14:10:43.812Z", "modified_at": "2023-10-11T14:10:43.812Z", "deleted_at": "2023-10-11T14:10:43.812Z"}}, {"model": "core.productinventory", "pk": 165, "fields": {"product": 57, "quantity": 10, "created_at": "2023-10-11T14:10:43.836Z", "modified_at": "2023-10-11T14:10:43.836Z", "deleted_at": "2023-10-11T14:10:43.836Z"}}, {"model": "core.productinventory", "pk": 166, "fields": {"product": 58, "quantity": 10, "created_at": "2023-10-11T14:10:43.860Z", "modified_at": "2023-10-11T14:10:43.860Z", "deleted_at": "2023-10-11T14:10:43.860Z"}}, {"model": "core.productinventory", "pk": 167, "fields": {"product": 59, "quantity": 10, "created_at": "2023-10-11T14:10:43.878Z", "modified_at": "2023-10-11T14:10:43.878Z", "deleted_at": "2023-10-11T14:10:43.878Z"}}, {"model": "core.productinventory", "pk": 168, "fields": {"product": 60, "quantity": 10, "created_at": "2023-10-11T14:10:43.897Z", "modified_at": "2023-10-11T14:10:43.897Z", "deleted_at": "2023-10-11T14:10:43.897Z"}}, {"model": "core.productinventory", "pk": 169, "fields": {"product": 61, "quantity": 10, "created_at": "2023-10-11T14:10:43.912Z", "modified_at": "2023-10-11T14:10:43.912Z", "deleted_at": "2023-10-11T14:10:43.912Z"}}, {"model": "core.productinventory", "pk": 170, "fields": {"product": 62, "quantity": 10, "created_at": "2023-10-11T14:10:43.939Z", "modified_at": "2023-10-11T14:10:43.939Z", "deleted_at": "2023-10-11T14:10:43.939Z"}}, {"model": "core.productinventory", "pk": 171, "fields": {"product": 63, "quantity": 10, "created_at": "2023-10-11T14:10:43.955Z", "modified_at": "2023-10-11T14:10:43.955Z", "deleted_at": "2023-10-11T14:10:43.955Z"}}, {"model": "core.productinventory", "pk": 172, "fields": {"product": 64, "quantity": 10, "created_at": "2023-10-11T14:10:43.971Z", "modified_at": "2023-10-11T14:10:43.971Z", "deleted_at": "2023-10-11T14:10:43.971Z"}}, {"model": "core.productinventory", "pk": 173, "fields": {"product": 65, "quantity": 10, "created_at": "2023-10-11T14:10:43.986Z", "modified_at": "2023-10-11T14:10:43.986Z", "deleted_at": "2023-10-11T14:10:43.986Z"}}, {"model": "core.productinventory", "pk": 174, "fields": {"product": 66, "quantity": 10, "created_at": "2023-10-11T14:10:44.003Z", "modified_at": "2023-10-11T14:10:44.003Z", "deleted_at": "2023-10-11T14:10:44.003Z"}}, {"model": "core.productinventory", "pk": 175, "fields": {"product": 67, "quantity": 10, "created_at": "2023-10-11T14:10:44.019Z", "modified_at": "2023-10-11T14:10:44.019Z", "deleted_at": "2023-10-11T14:10:44.019Z"}}, {"model": "core.productinventory", "pk": 176, "fields": {"product": 68, "quantity": 10, "created_at": "2023-10-11T14:10:44.035Z", "modified_at": "2023-10-11T14:10:44.035Z", "deleted_at": "2023-10-11T14:10:44.035Z"}}, {"model": "core.productinventory", "pk": 177, "fields": {"product": 69, "quantity": 10, "created_at": "2023-10-11T14:10:44.050Z", "modified_at": "2023-10-11T14:10:44.050Z", "deleted_at": "2023-10-11T14:10:44.050Z"}}, {"model": "core.productinventory", "pk": 178, "fields": {"product": 70, "quantity": 10, "created_at": "2023-10-11T14:10:44.065Z", "modified_at": "2023-10-11T14:10:44.065Z", "deleted_at": "2023-10-11T14:10:44.065Z"}}, {"model": "core.productinventory", "pk": 179, "fields": {"product": 71, "quantity": 10, "created_at": "2023-10-11T14:10:44.079Z", "modified_at": "2023-10-11T14:10:44.079Z", "deleted_at": "2023-10-11T14:10:44.079Z"}}, {"model": "core.productinventory", "pk": 180, "fields": {"product": 72, "quantity": 10, "created_at": "2023-10-11T14:10:44.094Z", "modified_at": "2023-10-11T14:10:44.094Z", "deleted_at": "2023-10-11T14:10:44.094Z"}}, {"model": "core.productinventory", "pk": 181, "fields": {"product": 73, "quantity": 10, "created_at": "2023-10-11T14:10:44.109Z", "modified_at": "2023-10-11T14:10:44.109Z", "deleted_at": "2023-10-11T14:10:44.109Z"}}, {"model": "core.productinventory", "pk": 182, "fields": {"product": 74, "quantity": 10, "created_at": "2023-10-11T14:10:44.125Z", "modified_at": "2023-10-11T14:10:44.125Z", "deleted_at": "2023-10-11T14:10:44.125Z"}}, {"model": "core.productinventory", "pk": 183, "fields": {"product": 75, "quantity": 10, "created_at": "2023-10-11T14:10:44.139Z", "modified_at": "2023-10-11T14:10:44.139Z", "deleted_at": "2023-10-11T14:10:44.139Z"}}, {"model": "core.productinventory", "pk": 184, "fields": {"product": 76, "quantity": 10, "created_at": "2023-10-11T14:10:44.153Z", "modified_at": "2023-10-11T14:10:44.153Z", "deleted_at": "2023-10-11T14:10:44.153Z"}}, {"model": "core.productinventory", "pk": 185, "fields": {"product": 77, "quantity": 10, "created_at": "2023-10-11T14:10:44.167Z", "modified_at": "2023-10-11T14:10:44.167Z", "deleted_at": "2023-10-11T14:10:44.167Z"}}, {"model": "core.productinventory", "pk": 186, "fields": {"product": 78, "quantity": 10, "created_at": "2023-10-11T14:10:44.182Z", "modified_at": "2023-10-11T14:10:44.182Z", "deleted_at": "2023-10-11T14:10:44.182Z"}}, {"model": "core.productinventory", "pk": 187, "fields": {"product": 79, "quantity": 10, "created_at": "2023-10-11T14:10:44.196Z", "modified_at": "2023-10-11T14:10:44.196Z", "deleted_at": "2023-10-11T14:10:44.196Z"}}, {"model": "core.productinventory", "pk": 188, "fields": {"product": 80, "quantity": 10, "created_at": "2023-10-11T14:10:44.210Z", "modified_at": "2023-10-11T14:10:44.210Z", "deleted_at": "2023-10-11T14:10:44.210Z"}}, {"model": "core.productinventory", "pk": 189, "fields": {"product": 81, "quantity": 10, "created_at": "2023-10-11T14:10:44.224Z", "modified_at": "2023-10-11T14:10:44.224Z", "deleted_at": "2023-10-11T14:10:44.224Z"}}, {"model": "core.productinventory", "pk": 190, "fields": {"product": 82, "quantity": 10, "created_at": "2023-10-11T14:10:44.237Z", "modified_at": "2023-10-11T14:10:44.238Z", "deleted_at": "2023-10-11T14:10:44.238Z"}}, {"model": "core.productinventory", "pk": 191, "fields": {"product": 83, "quantity": 10, "created_at": "2023-10-11T14:10:44.251Z", "modified_at": "2023-10-11T14:10:44.252Z", "deleted_at": "2023-10-11T14:10:44.252Z"}}, {"model": "core.productinventory", "pk": 192, "fields": {"product": 84, "quantity": 10, "created_at": "2023-10-11T14:10:44.265Z", "modified_at": "2023-10-11T14:10:44.265Z", "deleted_at": "2023-10-11T14:10:44.265Z"}}, {"model": "core.productinventory", "pk": 193, "fields": {"product": 85, "quantity": 10, "created_at": "2023-10-11T14:10:44.280Z", "modified_at": "2023-10-11T14:10:44.280Z", "deleted_at": "2023-10-11T14:10:44.280Z"}}, {"model": "core.productinventory", "pk": 194, "fields": {"product": 86, "quantity": 10, "created_at": "2023-10-11T14:10:44.294Z", "modified_at": "2023-10-11T14:10:44.294Z", "deleted_at": "2023-10-11T14:10:44.294Z"}}, {"model": "core.productinventory", "pk": 195, "fields": {"product": 87, "quantity": 10, "created_at": "2023-10-11T14:10:44.307Z", "modified_at": "2023-10-11T14:10:44.307Z", "deleted_at": "2023-10-11T14:10:44.307Z"}}, {"model": "core.productinventory", "pk": 196, "fields": {"product": 88, "quantity": 10, "created_at": "2023-10-11T14:10:44.322Z", "modified_at": "2023-10-11T14:10:44.322Z", "deleted_at": "2023-10-11T14:10:44.322Z"}}, {"model": "core.productinventory", "pk": 197, "fields": {"product": 89, "quantity": 10, "created_at": "2023-10-11T14:10:44.336Z", "modified_at": "2023-10-11T14:10:44.336Z", "deleted_at": "2023-10-11T14:10:44.336Z"}}, {"model": "core.productinventory", "pk": 198, "fields": {"product": 90, "quantity": 9, "created_at": "2023-10-11T14:10:44.350Z", "modified_at": "2023-10-11T14:10:44.350Z", "deleted_at": "2023-10-11T14:10:44.350Z"}}, {"model": "core.productinventory", "pk": 199, "fields": {"product": 91, "quantity": 10, "created_at": "2023-10-11T14:10:44.365Z", "modified_at": "2023-10-11T14:10:44.365Z", "deleted_at": "2023-10-11T14:10:44.365Z"}}, {"model": "core.productinventory", "pk": 200, "fields": {"product": 92, "quantity": 10, "created_at": "2023-10-11T14:10:44.381Z", "modified_at": "2023-10-11T14:10:44.381Z", "deleted_at": "2023-10-11T14:10:44.381Z"}}, {"model": "core.productinventory", "pk": 201, "fields": {"product": 93, "quantity": 10, "created_at": "2023-10-11T14:10:44.402Z", "modified_at": "2023-10-11T14:10:44.402Z", "deleted_at": "2023-10-11T14:10:44.402Z"}}, {"model": "core.productinventory", "pk": 202, "fields": {"product": 94, "quantity": 9, "created_at": "2023-10-11T14:10:44.417Z", "modified_at": "2023-10-11T14:10:44.418Z", "deleted_at": "2023-10-11T14:10:44.418Z"}}, {"model": "core.productinventory", "pk": 203, "fields": {"product": 95, "quantity": 9, "created_at": "2023-10-11T14:10:44.432Z", "modified_at": "2023-10-11T14:10:44.432Z", "deleted_at": "2023-10-11T14:10:44.432Z"}}, {"model": "core.productinventory", "pk": 204, "fields": {"product": 96, "quantity": 9, "created_at": "2023-10-11T14:10:44.445Z", "modified_at": "2023-10-11T14:10:44.445Z", "deleted_at": "2023-10-11T14:10:44.445Z"}}, {"model": "core.productinventory", "pk": 205, "fields": {"product": 97, "quantity": 0, "created_at": "2023-10-11T14:56:52.319Z", "modified_at": "2023-10-11T14:56:52.319Z", "deleted_at": "2023-10-11T14:56:52.319Z"}}, {"model": "core.productimages", "pk": 1, "fields": {"images": "product-images/347203480_5850236958436824_3641503022355358470_n-768x768_RQWcfmP.jpg", "product": null, "date": "2023-09-27T12:18:42.981Z"}}, {"model": "core.productimages", "pk": 2, "fields": {"images": "product-images/1-768x768.png", "product": null, "date": "2023-09-27T13:43:25.219Z"}}, {"model": "core.productimages", "pk": 3, "fields": {"images": "product-images/dau-goi-sach-gau-head-shoulders-bac-ha-mat-lanh-18-lit-202105211029134407.jpg", "product": null, "date": "2023-09-28T03:10:11.667Z"}}, {"model": "core.productimages", "pk": 4, "fields": {"images": "product-images/BƠ-ĐẬU-PHỘNG-BUTTER-web.jpg", "product": null, "date": "2023-09-28T04:00:57.044Z"}}, {"model": "core.productimages", "pk": 5, "fields": {"images": "product-images/20210614_6rdrqgy9kcnnteykpldy91py_fafbcfce5808414191ce59d1e434a2d8_grande.webp", "product": null, "date": "2023-09-29T03:37:00.805Z"}}, {"model": "core.productimages", "pk": 6, "fields": {"images": "product-images/20210614_6rdrqgy9kcnnteykpldy91py_fafbcfce5808414191ce59d1e434a2d8_grand_aeCrJuy.webp", "product": null, "date": "2023-09-30T15:00:07.583Z"}}, {"model": "core.productimages", "pk": 7, "fields": {"images": "product-images/ostrovit-100-percentage-whey-protein-isolate-1-8-kg-60-servings-gymstore.webp", "product": null, "date": "2023-10-01T14:57:40.896Z"}}, {"model": "core.cart", "pk": 2, "fields": {"user": 4, "product": []}}, {"model": "core.address", "pk": 2, "fields": {"user": 1, "address": "119/1 Bui Van Danh - My Xuyen - Long Xuyen - An Giang", "phone": 396581458, "status": false}}, {"model": "core.address", "pk": 3, "fields": {"user": 4, "address": null, "phone": null, "status": false}}, {"model": "core.address", "pk": 4, "fields": {"user": 6, "address": "119/1 Bui Van Danh - My Xuyen - Long Xuyen - An Giang", "phone": 396581458, "status": false}}, {"model": "core.address", "pk": 5, "fields": {"user": 7, "address": "119/1 Bui Van Danh - My Xuyen - Long Xuyen - An Giang", "phone": 397581458, "status": false}}, {"model": "core.order", "pk": 9, "fields": {"invoice_no": "INVOICE_NO-0", "user": 1, "price": 23500, "paid_status": false, "order_date": "2023-10-12T13:24:14.158Z", "product_status": "Processing", "destination": 2, "image": "user_None/347332603_5694938643939548_5288659187450542631_n-768x768_2QltnZb.jpg"}}, {"model": "core.order", "pk": 13, "fields": {"invoice_no": "INVOICE_NO-1", "user": 6, "price": 1950000, "paid_status": false, "order_date": "2023-10-15T13:43:22.427Z", "product_status": "Processing", "destination": 4, "image": "https://bizweb.dktcdn.net/thumb/grande/100/011/344/products/isoblend4.jpg?v=1647328624437"}}, {"model": "core.order", "pk": 14, "fields": {"invoice_no": "INVOICE_NO-2", "user": 7, "price": 1550000, "paid_status": false, "order_date": "2023-10-16T08:25:36.627Z", "product_status": "Processing", "destination": 5, "image": "https://bizweb.dktcdn.net/thumb/grande/100/011/344/products/nutrex-isofit-chocolate.jpg?v=1661413271163"}}, {"model": "core.order", "pk": 15, "fields": {"invoice_no": "INVOICE_NO-3", "user": 1, "price": 3800000, "paid_status": false, "order_date": "2023-10-17T08:27:08.030Z", "product_status": "Processing", "destination": 2, "image": "https://bizweb.dktcdn.net/thumb/grande/100/011/344/products/raw.jpg?v=1661413651980"}}, {"model": "core.orderitems", "pk": 20, "fields": {"order": 9, "item": 97, "image": "user_None/347332603_5694938643939548_5288659187450542631_n-768x768_2QltnZb.jpg", "quantity": 1, "price": 23500, "total": 23500}}, {"model": "core.orderitems", "pk": 24, "fields": {"order": 13, "item": 94, "image": "", "quantity": 1, "price": 1950000, "total": 1950000}}, {"model": "core.orderitems", "pk": 25, "fields": {"order": 14, "item": 90, "image": "", "quantity": 1, "price": 1550000, "total": 1550000}}, {"model": "core.orderitems", "pk": 26, "fields": {"order": 15, "item": 96, "image": "", "quantity": 1, "price": 1600000, "total": 1600000}}, {"model": "core.orderitems", "pk": 27, "fields": {"order": 15, "item": 95, "image": "", "quantity": 1, "price": 2200000, "total": 2200000}}, {"model": "core.productreview", "pk": 7, "fields": {"user": 1, "product": 97, "review": "Bánh rất ngon. Thơm và béo.", "rating": 5, "date": "2023-10-17T07:52:02.392Z"}}, {"model": "core.productreview", "pk": 8, "fields": {"user": 1, "product": 96, "review": "This is suitable for vegan.", "rating": 4, "date": "2023-10-17T08:32:35.071Z"}}, {"model": "core.wishlist", "pk": 14, "fields": {"user": 1, "product": 49, "date": "2023-10-17T08:13:10.348Z"}}, {"model": "userauth.user", "pk": 1, "fields": {"password": "pbkdf2_sha256$260000$Gd3gd3cQd9ERTtdR7IKH9u$Chh4SfCcfHWwPHrT/vH2QSp8WEWeI2/7FZBhM1xPEFQ=", "last_login": "2023-10-17T08:22:58.451Z", "is_superuser": true, "first_name": "Wheyzilla", "last_name": "Store", "is_staff": true, "is_active": true, "date_joined": "2023-09-27T12:17:00Z", "username": "admin", "email": "admin@gmail.com", "image": "user_1/24-7.png", "groups": [], "user_permissions": []}}, {"model": "userauth.user", "pk": 4, "fields": {"password": "pbkdf2_sha256$260000$6SUfgQyotGIQCQSocsOjnT$OZG3wEwI3IqOvumUU2IkFZPjY7AyCsMAdYqbkwyhTRY=", "last_login": "2023-10-17T08:21:24.714Z", "is_superuser": true, "first_name": "", "last_name": "", "is_staff": true, "is_active": true, "date_joined": "2023-10-03T08:23:59Z", "username": "tranhuynhkyanh", "email": "tranhuynhkyanh@gmail.com", "image": "user_4/2_auto_x2.jpg", "groups": [], "user_permissions": []}}, {"model": "userauth.user", "pk": 5, "fields": {"password": "pbkdf2_sha256$260000$f7z0ZWVNwOOfBNP6SNNSNa$vAzrVKeoxG23RS00EY7S73rC/6GY6nwzGaVU5nwu0PI=", "last_login": null, "is_superuser": true, "first_name": "Organic Food", "last_name": "247", "is_staff": true, "is_active": true, "date_joined": "2023-10-11T14:46:02Z", "username": "food", "email": "food@gmail.com", "image": "user_5/24-7.png", "groups": [], "user_permissions": []}}, {"model": "userauth.user", "pk": 6, "fields": {"password": "!QZ7vtm1Pl5C7rFqvGrw6WdviGkJzO8FxTcCed38e", "last_login": "2023-10-16T15:24:05.482Z", "is_superuser": false, "first_name": "Lan Anh", "last_name": "Nguyen", "is_staff": false, "is_active": true, "date_joined": "2023-10-12T09:46:48.452Z", "username": "hii", "email": "just.lananh@gmail.com", "image": "", "groups": [], "user_permissions": []}}, {"model": "userauth.user", "pk": 7, "fields": {"password": "pbkdf2_sha256$260000$Ulm1p7Y1jDTmcHgbcXLhzd$knNRoWMHKYbF2CXLWc3m8HPrh8NRjkmcAuBmy0UuI1s=", "last_login": "2023-10-16T07:21:29Z", "is_superuser": false, "first_name": "Tran Van", "last_name": "A", "is_staff": false, "is_active": true, "date_joined": "2023-10-16T07:18:40Z", "username": "tranvana", "email": "tranvana@gmail.com", "image": "user_7/2_auto_x2.jpg", "groups": [], "user_permissions": []}}, {"model": "userauth.follow", "pk": 9, "fields": {"follower": 1, "following": 5}}, {"model": "sites.site", "pk": 1, "fields": {"domain": "example.com", "name": "example.com"}}, {"model": "sites.site", "pk": 2, "fields": {"domain": "127.0.0.1:8000", "name": "127.0.0.1:8000"}}, {"model": "account.emailaddress", "pk": 1, "fields": {"user": 1, "email": "admin@gmail.com", "verified": false, "primary": false}}, {"model": "account.emailaddress", "pk": 2, "fields": {"user": 6, "email": "just.lananh@gmail.com", "verified": true, "primary": true}}, {"model": "socialaccount.socialapp", "pk": 1, "fields": {"provider": "google", "name": "kyanhstore", "client_id": "585394304988-7lptpbrlduml9cu1omcpts4kmc1lbdoe.apps.googleusercontent.com", "secret": "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", "key": "", "sites": [2]}}, {"model": "socialaccount.socialaccount", "pk": 1, "fields": {"user": 6, "provider": "google", "uid": "101138096821566682126", "last_login": "2023-10-16T15:24:05.459Z", "date_joined": "2023-10-12T09:46:48.467Z", "extra_data": "{\"iss\": \"https://accounts.google.com\", \"azp\": \"585394304988-7lptpbrlduml9cu1omcpts4kmc1lbdoe.apps.googleusercontent.com\", \"aud\": \"585394304988-7lptpbrlduml9cu1omcpts4kmc1lbdoe.apps.googleusercontent.com\", \"sub\": \"101138096821566682126\", \"email\": \"just.lananh@gmail.com\", \"email_verified\": true, \"at_hash\": \"tbz5OHbyBEqglMAPXmiwkQ\", \"name\": \"Hii\", \"picture\": \"https://lh3.googleusercontent.com/a/ACg8ocJN8YKyYdlgBF7I212Eqp19W5S1f10L2j87P_uBu38h=s96-c\", \"given_name\": \"Hii\", \"locale\": \"vi\", \"iat\": 1697469845, \"exp\": 1697473445}"}}, {"model": "chat.chatmodel", "pk": 1, "fields": {"sender": 1, "receiver": 4, "message": "1111", "thread_name": "chat_4-1", "timestamp": "2023-10-11T06:59:07.677Z"}}, {"model": "chat.chatmodel", "pk": 2, "fields": {"sender": 4, "receiver": null, "message": "111", "thread_name": "chat_4-3", "timestamp": "2023-10-11T06:59:23.404Z"}}, {"model": "chat.chatmodel", "pk": 3, "fields": {"sender": 4, "receiver": 1, "message": "111", "thread_name": "chat_4-1", "timestamp": "2023-10-11T06:59:31.399Z"}}, {"model": "chat.chatmodel", "pk": 4, "fields": {"sender": 4, "receiver": null, "message": "111", "thread_name": "chat_4-3", "timestamp": "2023-10-11T06:59:53.826Z"}}, {"model": "chat.chatmodel", "pk": 5, "fields": {"sender": 4, "receiver": 1, "message": "1111", "thread_name": "chat_4-1", "timestamp": "2023-10-11T06:59:59.403Z"}}, {"model": "chat.chatmodel", "pk": 6, "fields": {"sender": 1, "receiver": 4, "message": "?", "thread_name": "chat_4-1", "timestamp": "2023-10-11T07:00:06.991Z"}}, {"model": "chat.chatmodel", "pk": 7, "fields": {"sender": 1, "receiver": 4, "message": "ok", "thread_name": "chat_4-1", "timestamp": "2023-10-11T07:01:28.254Z"}}, {"model": "chat.chatmodel", "pk": 8, "fields": {"sender": 1, "receiver": 4, "message": "ưhat", "thread_name": "chat_4-1", "timestamp": "2023-10-11T07:02:38.279Z"}}, {"model": "chat.chatmodel", "pk": 9, "fields": {"sender": 4, "receiver": 1, "message": "i'am ok", "thread_name": "chat_4-1", "timestamp": "2023-10-11T07:02:50.541Z"}}, {"model": "chat.chatmodel", "pk": 10, "fields": {"sender": 4, "receiver": 1, "message": "111", "thread_name": "chat_4-1", "timestamp": "2023-10-11T07:05:18.594Z"}}, {"model": "chat.chatmodel", "pk": 11, "fields": {"sender": 4, "receiver": 1, "message": "12121", "thread_name": "chat_4-1", "timestamp": "2023-10-11T07:05:34.811Z"}}, {"model": "chat.chatmodel", "pk": 12, "fields": {"sender": 4, "receiver": 1, "message": "1wqsa", "thread_name": "chat_4-1", "timestamp": "2023-10-11T07:26:29.083Z"}}, {"model": "chat.chatmodel", "pk": 13, "fields": {"sender": 1, "receiver": 4, "message": "ww", "thread_name": "chat_4-1", "timestamp": "2023-10-11T07:26:39.110Z"}}, {"model": "chat.chatmodel", "pk": 14, "fields": {"sender": 1, "receiver": 4, "message": "l", "thread_name": "chat_4-1", "timestamp": "2023-10-11T07:35:39.446Z"}}, {"model": "chat.chatmodel", "pk": 15, "fields": {"sender": 1, "receiver": 4, "message": "ưhat s", "thread_name": "chat_4-1", "timestamp": "2023-10-11T07:35:47.120Z"}}, {"model": "chat.chatmodel", "pk": 16, "fields": {"sender": 1, "receiver": 4, "message": "oô", "thread_name": "chat_4-1", "timestamp": "2023-10-11T07:35:51.638Z"}}, {"model": "chat.chatmodel", "pk": 17, "fields": {"sender": 1, "receiver": 4, "message": "1", "thread_name": "chat_4-1", "timestamp": "2023-10-11T07:37:17.092Z"}}, {"model": "chat.chatmodel", "pk": 18, "fields": {"sender": 1, "receiver": 4, "message": "111", "thread_name": "chat_4-1", "timestamp": "2023-10-11T07:38:14.834Z"}}, {"model": "chat.chatmodel", "pk": 19, "fields": {"sender": 1, "receiver": 4, "message": "111", "thread_name": "chat_4-1", "timestamp": "2023-10-11T07:39:00.512Z"}}, {"model": "chat.chatmodel", "pk": 20, "fields": {"sender": 1, "receiver": 4, "message": "áđá", "thread_name": "chat_4-1", "timestamp": "2023-10-11T07:39:04.938Z"}}, {"model": "chat.chatmodel", "pk": 21, "fields": {"sender": 1, "receiver": 4, "message": "111", "thread_name": "chat_4-1", "timestamp": "2023-10-11T07:56:45.212Z"}}]